time[s], wr_x[mm], wr_y[mm] 
0.0001,1045.2043,838.2998,50.1448
4.1277,1045.1938,838.3074,50.1334
4.1353,1045.2124,838.3146,50.1399
4.1436,1045.1646,838.2925,50.1211
4.1496,1045.1935,838.3009,50.1332
4.1638,1045.1891,838.2904,50.1347
4.1696,1045.1886,838.3108,50.1288
4.1726,1045.1400,838.3449,50.0087
4.1804,1044.9713,838.4150,49.5902
4.1909,1044.7774,838.2260,48.8457
4.2008,1044.3699,838.0914,47.7658
4.2104,1044.0537,838.1062,46.4753
4.2206,1043.8818,838.0214,45.0388
4.2305,1043.5751,838.1992,43.3481
4.2407,1043.4716,838.4077,41.5494
4.2511,1043.1689,838.4683,39.5969
4.2609,1042.7554,838.7279,37.4258
4.2748,1042.5294,838.8291,35.2363
4.2813,1042.1747,839.0658,32.8886
4.2910,1041.9918,839.3546,30.4704
4.3028,1041.8671,839.6596,27.9463
4.3109,1041.5770,840.0328,27.9463
4.3234,1041.4393,840.3724,27.9463
4.3314,1041.1398,840.8349,27.9463
4.3409,1040.8839,841.2923,27.9463
4.3509,1040.5913,841.9298,27.9463
4.3615,1040.5472,842.5352,27.9463
4.3708,1040.5181,842.8653,27.9463
4.3807,1040.3903,843.5112,27.9463
4.3908,1040.4747,843.9306,27.9463
4.4011,1040.5722,844.3208,27.9463
4.4111,1040.6193,844.7586,27.9463
4.4222,1040.7054,844.9785,27.9463
4.4309,1040.8440,845.2870,27.9463
4.4405,1041.0065,845.4663,27.9463
4.4506,1041.2100,845.4592,27.9463
4.4604,1041.4170,845.3541,27.9463
4.4708,1041.6518,845.3177,27.9463
4.4806,1041.8654,845.4537,27.9463
4.4908,1042.0822,845.4946,27.9463
4.5009,1042.3032,845.4579,27.9463
4.5106,1042.5034,845.4511,27.9463
4.5218,1042.7405,845.4734,27.9463
4.5322,1042.9294,845.5523,27.9463
4.5408,1043.1268,845.5344,27.9463
4.5509,1043.2727,845.5457,27.9463
4.5605,1043.4233,845.5653,27.9463
4.5711,1043.5550,845.5890,27.9463
4.5809,1043.6808,845.6088,27.9463
4.5909,1043.8529,845.5948,27.9463
4.6006,1044.0462,845.6426,27.9463
4.6106,1044.2046,845.6581,27.9463
4.6208,1044.3757,845.6527,27.9463
4.6307,1044.5713,845.7011,27.9463
4.6404,1044.8605,845.6917,27.9463
4.6512,1045.2073,845.7357,27.9463
4.6613,1045.5409,845.7710,27.9463
4.6716,1045.7798,845.7524,27.9463
4.6814,1046.0263,845.8046,27.9463
4.6917,1046.3221,845.8300,27.9463
4.7014,1046.6813,845.8453,27.9463
4.7105,1047.1478,845.8554,27.9463
4.7206,1047.6359,845.8939,27.9463
4.7305,1048.1032,845.9018,27.9463
4.7418,1048.6559,845.9080,27.9463
4.7509,1049.1885,845.9702,27.9463
4.7606,1049.7285,845.9893,27.9463
4.7713,1050.3039,846.0342,27.9463
4.7805,1050.9472,846.1335,27.9463
4.7911,1051.6355,846.1529,27.9463
4.8006,1052.3941,846.1950,27.9463
4.8108,1053.0913,846.2021,27.9463
4.8206,1053.7310,846.1928,27.9463
4.8306,1054.3771,846.2704,27.9463
4.8418,1055.0441,846.3242,27.9463
4.8511,1055.7042,846.3808,27.9463
4.8620,1056.4505,846.3499,27.9463
4.8718,1057.2465,846.3656,27.9463
4.8808,1058.0351,846.4120,27.9463
4.8905,1058.8128,846.4801,27.9463
4.9009,1059.5741,846.5396,27.9463
4.9104,1060.3411,846.5609,27.9463
4.9209,1061.1188,846.6334,27.9463
4.9307,1061.8820,846.6646,27.9463
4.9410,1062.6706,846.7084,27.9463
4.9504,1063.4398,846.7852,27.9463
4.9603,1064.2271,846.8027,27.9463
4.9708,1065.0439,846.8419,27.9463
4.9804,1065.9138,846.8832,27.9463
4.9908,1066.7886,846.8893,27.9463
5.0014,1067.6125,846.9675,27.9463
5.0115,1068.3859,847.0109,27.9463
5.0211,1069.1464,847.0735,27.9463
5.0306,1069.9562,847.1063,27.9463
5.0429,1070.7636,847.1294,27.9463
5.0507,1071.5368,847.1883,27.9463
5.0603,1072.3558,847.2449,27.9463
5.0705,1073.2281,847.3582,27.9463
5.0822,1074.1146,847.3610,27.9463
5.0915,1075.0324,847.3739,27.9463
5.1013,1075.9216,847.4582,27.9463
5.1127,1076.7956,847.5023,27.9463
5.1206,1077.6551,847.5719,27.9463
5.1307,1078.5502,847.5704,27.9463
5.1408,1079.4386,847.5918,27.9463
5.1504,1080.3195,847.6882,27.9463
5.1606,1081.2273,847.7383,27.9463
5.1705,1082.0912,847.8127,27.9463
5.1803,1083.0205,847.7972,27.9463
5.1912,1083.9763,847.8521,27.9463
5.2004,1084.9210,847.9136,27.9463
5.2105,1085.8783,847.9769,27.9463
5.2206,1086.7697,848.0317,27.9463
5.2305,1087.7215,848.0952,27.9463
5.2414,1088.6075,848.1911,27.9463
5.2505,1089.5161,848.2430,27.9463
5.2612,1090.4543,848.2693,27.9463
5.2718,1091.3864,848.3008,27.9463
5.2803,1092.3677,848.3206,27.9463
5.2902,1093.3625,848.4107,27.9463
5.3006,1094.3131,848.4857,27.9463
5.3106,1095.2538,848.5149,27.9463
5.3206,1096.1916,848.6005,27.9463
5.3310,1097.1252,848.6522,27.9463
5.3407,1098.0182,848.7396,27.9463
5.3507,1098.9205,848.8005,27.9463
5.3607,1099.8409,848.8231,27.9463
5.3709,1100.7658,848.8709,27.9463
5.3811,1101.7365,848.8795,27.9463
5.3918,1102.6887,848.9692,27.9463
5.4016,1103.6503,849.0039,27.9463
5.4111,1104.6671,849.0702,27.9463
5.4210,1105.6513,849.1754,27.9463
5.4305,1106.5995,849.1885,27.9463
5.4411,1107.5609,849.3036,27.9463
5.4513,1108.5060,849.3532,27.9463
5.4624,1109.4811,849.4016,27.9463
5.4709,1110.4753,849.4369,27.9463
5.4816,1111.4384,849.4686,27.9463
5.4905,1112.3830,849.5380,27.9463
5.5016,1113.3890,849.5865,27.9463
5.5114,1114.3795,849.6328,27.9463
5.5204,1115.3331,849.7080,27.9463
5.5312,1116.2934,849.7564,27.9463
5.5420,1117.2185,849.8430,27.9463
5.5509,1118.1801,849.8778,27.9463
5.5604,1119.0977,849.8938,27.9463
5.5705,1120.0477,849.9152,27.9463
5.5805,1121.0621,849.9616,27.9463
5.5906,1122.0695,850.0557,27.9463
5.6007,1123.1088,850.0770,27.9463
5.6112,1124.1206,850.1797,27.9463
5.6212,1125.0699,850.2708,27.9463
5.6310,1125.9863,850.3319,27.9463
5.6413,1126.9106,850.4107,27.9463
5.6510,1127.8637,850.4221,27.9463
5.6603,1128.8109,850.4880,27.9463
5.6707,1129.7687,850.5270,27.9463
5.6809,1130.8060,850.6119,27.9463
5.6907,1131.8210,850.6808,27.9463
5.7007,1132.8531,850.7434,27.9463
5.7111,1133.8520,850.8742,27.9463
5.7219,1134.8457,850.9308,27.9463
5.7316,1135.8458,851.0168,27.9463
5.7403,1136.8281,851.0762,27.9463
5.7517,1137.7573,851.0714,27.9463
5.7603,1138.7338,851.1797,27.9463
5.7707,1139.7390,851.2498,27.9463
5.7805,1140.7216,851.3581,27.9463
5.7907,1141.6869,851.4444,27.9463
5.8010,1142.6617,851.4789,27.9463
5.8110,1143.5839,851.6311,27.9463
5.8214,1144.5154,851.7305,27.9463
5.8310,1145.4822,851.7934,27.9463
5.8412,1146.4390,851.8127,27.9463
5.8509,1147.4446,851.8458,27.9463
5.8608,1148.5375,852.0155,27.9463
5.8708,1149.6607,852.1483,27.9463
5.8802,1150.7446,852.2891,27.9463
5.8914,1151.7905,852.3335,27.9463
5.9011,1152.7998,852.4150,27.9463
5.9115,1153.7299,852.5410,27.9463
5.9218,1154.6854,852.5932,27.9463
5.9306,1155.6475,852.6474,27.9463
5.9407,1156.6255,852.6987,27.9463
5.9507,1157.6434,852.8421,4.2331
5.9606,1158.7437,853.0381,4.1923
5.9709,1159.8083,853.1189,4.1923
5.9819,1160.8068,853.1935,4.1923
5.9911,1161.8433,853.2253,4.1923
6.0020,1162.9526,853.2975,4.1923
6.0114,1163.9163,853.4561,4.1923
6.0218,1164.7517,853.3840,4.1923
6.0303,1165.4274,853.2966,4.1923
6.0404,1166.0914,853.1946,4.1923
6.0519,1166.8604,853.2730,4.1923
6.0612,1167.7151,853.4701,4.1923
6.0707,1168.6061,853.5582,4.1923
6.0806,1169.4999,853.6149,4.1923
6.0905,1170.3721,853.6679,4.1923
6.1008,1171.1717,853.7695,4.1923
6.1106,1172.0032,853.8587,4.1923
6.1202,1172.9032,853.9210,4.1923
6.1306,1173.8467,854.0111,4.1923
6.1408,1174.8575,854.1046,4.1923
6.1518,1175.8577,854.1907,4.1923
6.1617,1176.8340,854.2819,4.1923
6.1707,1177.7490,854.2899,4.1923
6.1803,1178.6311,854.3414,4.1923
6.1906,1179.5737,854.4044,4.1923
6.2014,1180.5083,854.5194,4.1923
6.2109,1181.4710,854.6169,4.1923
6.2205,1182.5372,854.6709,4.1923
6.2315,1183.6475,854.8101,4.1923
6.2406,1184.7838,854.8457,4.1923
6.2506,1185.8326,854.9861,4.1923
6.2603,1186.7679,855.0720,4.1923
6.2717,1187.6345,855.1232,4.1923
6.2813,1188.5214,855.2224,4.1923
6.2903,1189.4755,855.3454,4.1923
6.3015,1190.4432,855.4845,4.1923
6.3115,1191.5003,855.5741,4.1923
6.3214,1192.6684,855.6919,4.1923
6.3309,1193.8280,855.7839,4.1923
6.3414,1194.9287,855.8758,4.1923
6.3513,1195.8808,856.0053,4.1923
6.3611,1196.7655,856.0793,4.1923
6.3725,1197.6912,856.1696,4.1923
6.3819,1198.6594,856.3266,4.1923
6.3910,1199.6205,856.4231,4.1923
6.4006,1200.6202,856.5558,4.1923
6.4112,1201.7752,856.6907,4.1923
6.4213,1202.9378,856.7916,4.1923
6.4311,1204.0446,856.9088,4.1923
6.4421,1205.0341,856.9724,4.1923
6.4518,1205.9209,857.0603,4.1923
6.4606,1206.9036,857.1424,4.1923
6.4710,1207.9445,857.2363,4.1923
6.4812,1208.9634,857.3324,4.1923
6.4927,1209.9821,857.3549,4.1923
6.5006,1211.0487,857.4479,4.1923
6.5117,1212.0813,857.5203,4.1923
6.5208,1213.0388,857.6161,4.1923
6.5311,1213.9705,857.6755,4.1923
6.5420,1214.8875,857.7166,4.1923
6.5524,1215.8239,857.8456,4.1923
6.5609,1216.8519,857.9097,4.1923
6.5706,1217.9685,858.0473,4.1923
6.5811,1219.1143,858.0985,4.1923
6.5910,1220.2639,858.1700,4.1923
6.6016,1221.3005,858.2793,4.1923
6.6121,1222.2014,858.3188,4.1923
6.6206,1223.0715,858.3595,4.1923
6.6306,1224.0238,858.4537,4.1923
6.6408,1224.9747,858.5764,4.1923
6.6508,1225.9816,858.6992,4.1923
6.6622,1227.1007,858.7660,4.1923
6.6706,1228.2761,858.8712,4.1923
6.6803,1229.3719,858.9507,4.1923
6.6905,1230.3829,859.0327,4.1923
6.7012,1231.3026,859.1067,4.1923
6.7105,1232.2233,859.1288,4.1923
6.7210,1233.1658,859.2691,4.1923
6.7306,1234.1381,859.4326,4.1923
6.7406,1235.1083,859.6105,4.1923
6.7506,1236.1662,859.7343,4.1923
6.7609,1237.2952,859.7383,4.1923
6.7712,1238.4445,859.8375,4.1923
6.7825,1239.4918,859.8880,4.1923
6.7908,1240.4626,859.9294,4.1923
6.8007,1241.4207,859.9748,4.1923
6.8103,1242.3959,860.0481,4.1923
6.8206,1243.3935,860.2164,4.1923
6.8308,1244.3796,860.3028,4.1923
6.8403,1245.3332,860.3422,4.1923
6.8506,1246.2973,860.3749,4.1923
6.8611,1247.2698,860.4914,4.1923
6.8719,1248.2404,860.6338,4.1923
6.8808,1249.2480,860.7056,4.1923
6.8918,1250.2764,860.8446,4.1923
6.9006,1251.3365,861.0081,4.1923
6.9117,1252.4067,861.1543,4.1923
6.9216,1253.4674,861.3238,4.1923
6.9310,1254.5558,861.4219,4.1923
6.9410,1255.5709,861.5580,4.1923
6.9507,1256.5782,861.6517,4.1923
6.9605,1257.5564,861.7499,4.1923
6.9705,1258.5101,861.8378,4.1923
6.9809,1259.5660,861.9724,4.1923
6.9904,1260.6097,862.1588,4.1923
7.0009,1261.6054,862.2369,6.3195
7.0107,1262.6332,862.3419,6.3493
7.0207,1263.6055,862.3762,6.4021
7.0302,1264.5484,862.4467,6.4595
7.0408,1265.5289,862.4419,6.7374
7.0504,1266.6002,862.4377,6.7374
7.0603,1267.5410,862.6114,6.7374
7.0710,1268.6255,862.7579,6.7374
7.0824,1269.4862,862.5974,6.7374
7.0908,1270.3242,862.6535,6.7374
7.1006,1271.1038,862.3403,6.7374
7.1106,1272.0186,862.1422,6.7374
7.1208,1273.1818,861.8878,6.7374
7.1308,1274.3410,861.5598,6.7374
7.1410,1275.3947,861.4322,6.7374
7.1512,1276.3723,861.5791,6.7374
7.1610,1277.2720,862.0504,6.7374
7.1713,1278.2109,862.5319,6.7374
7.1821,1279.1550,862.7379,6.7374
7.1911,1280.0493,862.7655,6.7374
7.2017,1280.9215,862.8284,6.7374
7.2109,1281.7579,863.1516,6.7374
7.2205,1282.6259,863.5121,6.7374
7.2306,1283.5784,863.9005,6.7374
7.2403,1284.6016,864.2204,6.7374
7.2507,1285.6099,864.3842,6.7374
7.2605,1286.6226,864.5787,6.7374
7.2703,1287.6585,864.7985,6.7374
7.2805,1288.6821,865.0623,6.7374
7.2906,1289.6572,865.3449,6.7374
7.3004,1290.6122,865.5855,6.7374
7.3105,1291.5172,865.8627,6.7374
7.3206,1292.4656,866.1333,6.7374
7.3318,1293.4039,866.3927,6.7374
7.3406,1294.3326,866.5947,6.7374
7.3514,1295.2978,866.7710,15.2662
7.3608,1296.3374,867.0053,15.2662
7.3708,1297.3845,867.2340,15.2662
7.3805,1298.3851,867.5244,15.2662
7.3910,1299.3026,867.7799,15.2662
7.4011,1300.1723,868.0049,15.2662
7.4102,1301.0488,868.2989,15.2662
7.4205,1301.9911,868.5209,15.2662
7.4302,1302.8256,868.6807,15.2662
7.4401,1303.5856,868.8125,15.2662
7.4507,1304.2971,868.9519,15.2662
7.4616,1304.9865,869.1536,15.2662
7.4719,1305.7755,869.3390,15.2662
7.4811,1306.6771,869.5931,15.2662
7.4916,1307.6843,869.8404,15.2662
7.5011,1308.7078,870.1760,15.2662
7.5107,1309.6747,870.5268,15.2662
7.5207,1310.6697,870.7405,15.2662
7.5319,1311.5997,870.8918,15.2662
7.5410,1312.5795,871.0305,15.2662
7.5513,1313.5709,871.2232,15.2662
7.5608,1314.5651,871.4964,15.2662
7.5708,1315.5256,871.7076,15.2662
7.5809,1316.4361,871.9521,15.2662
7.5907,1317.4379,872.2775,15.2662
7.6004,1318.3957,872.5435,15.2662
7.6105,1319.3257,872.7178,15.2662
7.6212,1320.3299,872.8726,15.2662
7.6304,1321.3832,873.1440,15.2662
7.6403,1322.4316,873.4024,15.2662
7.6508,1323.4330,873.6916,15.2662
7.6608,1324.3994,873.9967,15.2662
7.6705,1325.3994,874.3489,15.2662
7.6805,1326.4014,874.7115,15.2662
7.6910,1327.3721,874.9211,15.2662
7.7014,1328.3535,875.1147,15.2662
7.7107,1329.3403,875.3436,15.2662
7.7203,1330.3801,875.6011,15.2662
7.7305,1331.3811,875.8931,15.2662
7.7404,1332.3219,876.1207,15.2662
7.7504,1333.2660,876.4487,15.2662
7.7604,1334.2729,876.8166,15.2662
7.7712,1335.2830,877.1199,15.2662
7.7812,1336.2029,877.3654,15.2662
7.7907,1337.2082,877.5577,15.2662
7.8004,1338.1857,877.8311,15.2662
7.8106,1339.2050,878.0714,15.2662
7.8216,1340.2109,878.3412,15.2662
7.8338,1341.1755,878.6526,15.2662
7.8408,1342.1617,878.9391,15.2662
7.8520,1343.1546,879.3310,15.2662
7.8623,1344.1431,879.6390,15.2662
7.8708,1345.1176,879.8472,15.2662
7.8806,1346.1185,880.0633,15.2662
7.8907,1347.1492,880.2803,15.2662
7.9004,1348.1508,880.5929,15.2662
7.9108,1349.1166,880.8766,15.2662
7.9207,1350.0536,881.1940,15.2662
7.9302,1351.0497,881.5202,15.2662
7.9407,1352.0786,881.8103,15.2662
7.9504,1353.0454,882.1148,15.2662
7.9608,1354.0166,882.3141,15.2662
7.9706,1354.9894,882.5333,15.2662
7.9802,1355.9145,882.7767,15.2662
7.9909,1356.8254,883.0250,15.2662
8.0023,1357.7563,883.3157,15.2662
8.0109,1358.7393,883.5665,15.2662
8.0211,1359.7524,883.8772,15.2662
8.0309,1360.7840,884.1852,15.2662
8.0405,1361.7705,884.4747,15.2662
8.0506,1362.7392,884.7301,15.2662
8.0607,1363.6940,884.9199,15.2662
8.0720,1364.6215,885.1734,15.2662
8.0821,1365.5365,885.4305,15.2662
8.0907,1366.4747,885.7260,15.2662
8.1008,1367.4344,886.0341,15.2662
8.1106,1368.4540,886.3708,15.2662
8.1207,1369.4102,886.6841,15.2662
8.1306,1370.4336,886.9184,15.2662
8.1408,1371.4317,887.1591,15.2662
8.1509,1372.3502,887.3846,15.2662
8.1610,1373.3237,887.6219,15.2662
8.1708,1374.2622,887.9744,15.2662
8.1803,1375.2090,888.2628,15.2662
8.1904,1376.2037,888.6302,15.2662
8.2003,1377.2176,888.9958,15.2662
8.2110,1378.2191,889.2755,15.2662
8.2210,1379.2308,889.5268,15.2662
8.2305,1380.2395,889.7631,15.2662
8.2412,1381.1937,890.0109,15.2662
8.2505,1382.0847,890.2936,15.2662
8.2613,1383.0104,890.5674,15.2662
8.2721,1383.9789,890.8887,15.2662
8.2803,1384.9767,891.2444,15.2662
8.2914,1386.0072,891.6305,15.2662
8.3011,1387.0508,891.9082,15.2662
8.3108,1388.1073,892.1167,15.2662
8.3207,1389.0903,892.3841,15.2662
8.3303,1390.0342,892.6534,15.2662
8.3407,1390.9228,892.9616,15.2662
8.3510,1391.8464,893.2130,15.2662
8.3605,1392.7962,893.5031,15.2662
8.3707,1393.7557,893.8136,15.2662
8.3805,1394.7048,894.0712,15.2662
8.3912,1395.6628,894.3286,15.2662
8.4009,1396.6356,894.5764,15.2662
8.4117,1397.5977,894.7860,15.2662
8.4212,1398.5405,895.0518,15.2662
8.4310,1399.4937,895.3002,15.2662
8.4408,1400.4708,895.6263,15.2662
8.4510,1401.4565,895.9141,15.2662
8.4607,1402.3688,896.2066,15.2662
8.4704,1403.2578,896.4876,15.2662
8.4804,1404.1556,896.6987,15.2662
8.4903,1405.0770,896.9576,15.2662
8.5008,1405.9979,897.1848,15.2662
8.5113,1406.9440,897.4261,15.2662
8.5208,1407.9078,897.7180,15.2662
8.5305,1408.9318,898.0044,15.2662
8.5410,1409.9270,898.3477,15.2662
8.5505,1410.9030,898.6464,15.2662
8.5605,1411.8611,898.8932,15.2662
8.5704,1412.8409,899.1203,15.2662
8.5805,1413.8025,899.3480,15.2662
8.5905,1414.7266,899.6306,15.2662
8.6006,1415.6663,899.8950,15.2662
8.6110,1416.6571,900.1947,15.2662
8.6213,1417.6525,900.5507,15.2662
8.6314,1418.6751,900.8889,15.2662
8.6417,1419.6556,901.2119,15.2662
8.6515,1420.6443,901.4498,15.2662
8.6606,1421.6169,901.6999,15.2662
8.6707,1422.5786,901.9361,15.2662
8.6813,1423.5363,902.1895,16.5666
8.6912,1424.4943,902.4991,16.5666
8.7005,1425.4600,902.7773,16.5666
8.7106,1426.4804,903.1721,16.5666
8.7209,1427.4976,903.5208,16.5666
8.7309,1428.4234,903.7585,16.5666
8.7406,1429.2537,904.0051,16.5666
8.7507,1430.0398,904.2148,16.5666
8.7615,1430.8152,904.4309,16.5666
8.7713,1431.6322,904.6390,16.5666
8.7812,1432.4060,904.8526,16.5666
8.7908,1433.2490,905.1321,16.5666
8.8007,1434.2073,905.4706,16.5666
8.8111,1435.2421,905.8062,16.5666
8.8219,1436.2599,906.0891,16.5666
8.8309,1437.2018,906.3419,16.5666
8.8407,1438.0945,906.5826,16.5666
8.8507,1438.9844,906.7734,16.5666
8.8605,1439.8957,907.0164,16.5666
8.8705,1440.8738,907.2602,16.5666
8.8808,1441.8650,907.6054,16.5666
8.8903,1442.8790,907.9430,16.5666
8.9006,1443.8951,908.2326,16.5666
8.9112,1444.8501,908.5001,16.5666
8.9218,1445.7945,908.6933,16.5666
8.9303,1446.6915,908.9405,16.5666
8.9407,1447.5737,909.1362,16.5666
8.9517,1448.4971,909.3813,16.5666
8.9622,1449.4497,909.7114,16.5666
8.9710,1450.4529,910.0283,16.5666
8.9804,1451.4608,910.3871,16.5666
8.9905,1452.4864,910.6549,16.5666
9.0006,1453.4671,910.9438,16.5666
9.0105,1454.4236,911.2253,16.5666
9.0222,1455.3470,911.4231,16.5666
9.0308,1456.2338,911.6338,16.5666
9.0404,1457.1522,911.8559,16.5666
9.0508,1458.0806,912.1648,16.5666
9.0606,1459.1006,912.5125,16.5666
9.0711,1460.1619,912.8419,16.5666
9.0810,1461.2792,913.2131,16.5666
9.0904,1462.3334,913.5612,16.5666
9.1005,1463.3080,913.8913,16.5666
9.1110,1464.2372,914.1341,16.5666
9.1214,1465.2018,914.3049,16.5666
9.1305,1466.1514,914.6060,16.5666
9.1407,1467.1387,914.9757,16.5666
9.1503,1468.1478,915.3026,16.5666
9.1607,1469.1993,915.5960,16.5666
9.1704,1470.2377,915.8979,16.5666
9.1803,1471.1708,916.2181,16.5666
9.1906,1472.0629,916.4820,16.5666
9.2006,1472.9380,916.7378,16.5666
9.2112,1473.8535,916.9664,16.5666
9.2207,1474.8333,917.2619,16.5666
9.2306,1475.8034,917.6503,16.5666
9.2407,1476.8705,918.0026,16.5666
9.2510,1477.9782,918.3756,16.5666
9.2607,1479.0279,918.6918,16.5666
9.2703,1479.9308,918.9361,16.5666
9.2806,1480.8307,919.1845,16.5666
9.2909,1481.7616,919.4113,16.5666
9.3007,1482.6928,919.7160,16.5666
9.3107,1483.6964,920.0427,16.5666
9.3203,1484.7254,920.3702,16.5666
9.3305,1485.7671,920.6806,16.5666
9.3408,1486.7795,920.9337,16.5666
9.3508,1487.7020,921.2208,16.5666
9.3614,1488.6154,921.4629,16.5666
9.3723,1489.5043,921.6576,16.5666
9.3821,1490.3982,921.8758,16.5666
9.3925,1491.3517,922.1749,16.5666
9.4008,1492.3399,922.5502,16.5666
9.4103,1493.4245,922.8765,16.5666
9.4208,1494.4733,923.1085,16.5666
9.4309,1495.4116,923.3336,16.5666
9.4423,1496.3554,923.5946,16.5666
9.4506,1497.2592,923.8656,16.5666
9.4603,1498.1541,924.0550,16.5666
9.4706,1499.0500,924.2867,16.5666
9.4806,1499.9854,924.5940,16.5666
9.4919,1500.9575,924.9109,16.5666
9.5017,1501.9438,925.2492,16.5666
9.5118,1502.9300,925.4663,16.5666
9.5217,1503.8229,925.7050,16.5666
9.5303,1504.7390,925.9643,16.5666
9.5408,1505.6228,926.1662,16.5666
9.5508,1506.5249,926.3904,16.5666
9.5603,1507.4792,926.6644,16.5666
9.5707,1508.4764,926.9998,16.5666
9.5809,1509.4882,927.3224,16.5666
9.5908,1510.5577,927.6125,16.5666
9.6014,1511.5467,927.9027,16.5666
9.6111,1512.4685,928.1611,16.5666
9.6203,1513.3047,928.4462,16.5666
9.6308,1514.1544,928.6552,16.5666
9.6408,1515.0530,928.8958,16.5666
9.6507,1515.9999,929.2061,16.5666
9.6611,1517.0174,929.5524,16.5666
9.6714,1518.0714,929.9206,16.5666
9.6811,1519.1321,930.2400,16.5666
9.6906,1520.1342,930.5192,16.5666
9.7004,1521.0292,930.7651,16.5666
9.7105,1521.9174,930.9898,16.5666
9.7216,1522.7984,931.2494,16.5666
9.7309,1523.7390,931.5320,16.5666
9.7407,1524.7057,931.8623,16.5666
9.7505,1525.6962,932.2231,16.5666
9.7606,1526.7775,932.5270,16.5666
9.7710,1527.8207,932.8773,16.5666
9.7806,1528.7998,933.1577,16.5666
9.7909,1529.6733,933.3799,16.5666
9.8008,1530.5487,933.5882,16.5666
9.8108,1531.4727,933.8080,16.5666
9.8209,1532.4003,934.1286,16.5666
9.8308,1533.3713,934.4652,16.5666
9.8407,1534.3907,934.8105,16.5666
9.8506,1535.4684,935.1302,16.5666
9.8610,1536.5018,935.4281,16.5666
9.8709,1537.3980,935.7254,16.5666
9.8803,1538.2426,935.9563,16.5666
9.8908,1539.1178,936.2122,16.5666
9.9006,1540.0342,936.4550,16.5666
9.9104,1540.9821,936.7277,16.5666
9.9208,1541.9848,937.0882,16.5666
9.9302,1543.0630,937.4448,16.5666
9.9409,1544.1321,937.7790,16.5666
9.9505,1545.1591,938.0693,16.5666
9.9615,1546.0596,938.3480,16.5666
9.9718,1546.8530,938.6184,16.5666
9.9807,1547.7346,938.8267,16.5666
9.9905,1548.6694,939.0926,16.5666
10.0006,1549.5781,939.3509,16.5666
10.0107,1550.5205,939.6769,16.5666
10.0208,1551.5443,940.0461,17.4441
10.0309,1552.5856,940.3451,17.4441
10.0418,1553.5386,940.6810,17.4441
10.0509,1554.3825,940.9190,17.4441
10.0608,1555.2078,941.1740,17.4441
10.0710,1556.0717,941.4221,17.4441
10.0809,1556.9572,941.6654,17.4441
10.0907,1557.8065,941.9633,17.4441
10.1011,1558.6261,942.2328,17.4441
10.1112,1559.4780,942.5207,17.4441
10.1214,1560.4687,942.7550,17.4441
10.1304,1561.4935,943.0172,17.4441
10.1404,1562.3964,943.3739,17.4441
10.1508,1563.2716,943.6502,17.4441
10.1603,1564.1996,943.8684,17.4441
10.1709,1565.1624,944.1231,17.4441
10.1808,1566.1428,944.4156,17.4441
10.1907,1567.1638,944.8107,17.4441
10.2007,1568.2708,945.1471,17.4441
10.2103,1569.3083,945.4857,17.4441
10.2208,1570.2505,945.7785,17.4441
10.2303,1571.0911,946.0556,17.4441
10.2408,1571.9022,946.3194,17.4441
10.2507,1572.8170,946.5387,17.4441
10.2604,1573.7823,946.8165,17.4441
10.2710,1574.7914,947.1035,17.4441
10.2805,1575.8358,947.4759,17.4441
10.2907,1576.9513,947.9018,17.4441
10.3012,1578.0536,948.2403,17.4441
10.3123,1579.0165,948.5863,17.4441
10.3208,1579.8798,948.8490,17.4441
10.3308,1580.7479,949.0943,17.4441
10.3419,1581.6719,949.3642,17.4441
10.3507,1582.6817,949.7029,17.4441
10.3627,1583.6738,950.0560,17.4441
10.3716,1584.7259,950.3946,17.4441
10.3808,1585.8250,950.7606,17.4441
10.3909,1586.9169,951.1288,17.4441
10.4006,1587.8845,951.4388,17.4441
10.4105,1588.7460,951.7359,17.4441
10.4213,1589.6777,951.9593,17.4441
10.4313,1590.6735,952.2521,17.4441
10.4412,1591.6973,952.5812,17.4441
10.4506,1592.6640,952.9165,17.4441
10.4617,1593.6094,953.2401,17.4441
10.4713,1594.5773,953.4860,17.4441
10.4805,1595.4943,953.7723,17.4441
10.4909,1596.3294,954.0434,17.4441
10.5007,1597.1757,954.3035,17.4441
10.5120,1598.0906,954.5658,17.4441
10.5209,1599.0733,954.8439,17.4441
10.5302,1600.0687,955.1472,17.4441
10.5404,1601.1520,955.4979,17.4441
10.5504,1602.2057,955.8230,17.4441
10.5616,1603.1500,956.1049,17.4441
10.5713,1603.9952,956.3404,17.4441
10.5804,1604.7728,956.6533,17.4441
10.5906,1605.5967,956.9286,17.4441
10.6004,1606.5330,957.2012,17.4441
10.6108,1607.5020,957.4712,17.4441
10.6205,1608.5018,957.7724,17.4441
10.6308,1609.5652,958.1538,17.4441
10.6416,1610.6737,958.4823,17.4441
10.6513,1611.6883,958.7696,17.4441
10.6614,1612.5652,959.0144,17.4441
10.6710,1613.3965,959.2548,17.4441
10.6806,1614.2601,959.5534,17.4441
10.6907,1615.2090,959.8527,17.4441
10.7007,1616.1813,960.1555,17.4441
10.7108,1617.2371,960.5127,17.4441
10.7208,1618.3359,960.8704,17.4441
10.7309,1619.4347,961.2116,17.4441
10.7409,1620.4607,961.5169,17.4441
10.7507,1621.3391,961.7849,17.4441
10.7607,1622.1924,962.0699,17.4441
10.7712,1623.1539,962.3595,17.4441
10.7815,1624.1331,962.7064,17.4441
10.7914,1625.1097,963.0230,17.4441
10.8012,1626.0790,963.3576,17.4441
10.8110,1627.1009,963.7155,17.4441
10.8217,1628.1252,964.0586,17.4441
10.8312,1629.0497,964.3901,17.4441
10.8407,1629.8777,964.6201,17.4441
10.8506,1630.7179,964.9163,17.4441
10.8609,1631.6865,965.2401,17.4441
10.8711,1632.6905,965.5643,17.4441
10.8807,1633.6810,965.8553,17.4441
10.8911,1634.6702,966.1879,17.4441
10.9008,1635.5943,966.5271,17.4441
10.9104,1636.4483,966.8172,17.4441
10.9209,1637.2771,967.0547,17.4441
10.9304,1638.1364,967.2898,17.4441
10.9407,1639.0724,967.5164,17.4441
10.9510,1640.0330,967.7946,17.4441
10.9612,1641.0706,968.1244,17.4441
10.9710,1642.1343,968.4826,17.4441
10.9808,1643.1597,968.8109,17.4441
10.9915,1644.0914,969.0956,17.4441
11.0015,1644.9048,969.3762,17.4441
11.0107,1645.7063,969.5645,17.4441
11.0206,1646.5662,969.7969,17.4441
11.0310,1647.4825,970.0862,17.4441
11.0408,1648.4448,970.3835,17.4441
11.0506,1649.4916,970.7134,17.4441
11.0607,1650.6313,971.0911,17.4441
11.0708,1651.6793,971.4826,17.4441
11.0817,1652.6239,971.7751,17.4441
11.0919,1653.4767,972.0391,17.4441
11.1016,1654.3169,972.2816,17.4441
11.1115,1655.2092,972.5267,17.4441
11.1221,1656.1464,972.8079,17.4441
11.1323,1657.1196,973.1310,17.4441
11.1405,1658.1213,973.4064,17.4441
11.1509,1659.1553,973.7416,17.4441
11.1605,1660.1961,974.1145,17.4441
11.1706,1661.1828,974.5103,17.4441
11.1810,1662.1092,974.8443,17.4441
11.1916,1663.0173,975.0921,17.4441
11.2032,1663.9352,975.3811,17.4441
11.2114,1664.9372,975.7056,17.4441
11.2204,1665.9391,976.0289,17.4441
11.2304,1666.9785,976.3265,17.4441
11.2416,1668.0038,976.6472,17.4441
11.2515,1669.0035,976.9659,18.3678
11.2611,1669.9233,977.2769,18.3754
11.2709,1670.7739,977.5816,18.4077
11.2809,1671.6697,977.8589,18.3934
11.2904,1672.6102,978.2751,18.2275
11.3015,1673.6746,978.9410,17.7457
11.3113,1674.9523,979.5050,17.7457
11.3216,1676.1392,979.8517,17.7457
11.3305,1677.1443,980.4225,17.7457
11.3408,1678.0958,981.0344,17.7457
11.3512,1678.9854,981.3917,17.7457
11.3605,1679.8668,981.9320,17.7457
11.3710,1680.7422,982.5446,17.7457
11.3803,1681.6053,983.2478,17.7457
11.3908,1682.5013,984.0312,7.5723
11.4019,1683.4631,984.6707,7.5723
11.4122,1684.3266,985.0701,7.5723
11.4215,1685.1086,985.2567,7.5723
11.4308,1685.9465,985.1507,7.5723
11.4419,1686.7699,985.1011,7.5723
11.4518,1687.5681,985.2745,7.5723
11.4604,1688.2236,985.5492,7.5723
11.4704,1688.8142,985.7234,7.5723
11.4802,1689.5413,985.7892,7.5723
11.4914,1690.4396,985.7717,7.5723
11.5006,1691.4742,985.6842,7.5723
11.5110,1692.5470,985.7692,7.5723
11.5216,1693.5727,986.0016,7.5723
11.5319,1694.5084,986.1857,7.5723
11.5405,1695.4464,986.3301,7.5723
11.5512,1696.4080,986.4164,7.5723
11.5610,1697.3982,986.4865,7.5723
11.5716,1698.4539,986.6169,7.5723
11.5808,1699.5510,986.7269,7.5723
11.5911,1700.5927,986.7713,7.5723
11.6013,1701.6365,986.8270,7.5723
11.6104,1702.5851,987.0390,7.5723
11.6209,1703.5044,987.2509,7.5723
11.6313,1704.4448,987.3565,7.5723
11.6407,1705.4697,987.4571,7.5723
11.6510,1706.5615,987.5388,7.5723
11.6608,1707.6974,987.6860,7.5723
11.6708,1708.8115,987.7606,7.5723
11.6807,1709.8599,987.8187,7.5723
11.6908,1710.8052,987.9504,7.5723
11.7005,1711.7097,988.1588,7.5723
11.7104,1712.5766,988.3101,7.5723
11.7214,1713.5153,988.3607,7.5723
11.7322,1714.5816,988.4417,7.5723
11.7408,1715.7024,988.5944,7.5723
11.7505,1716.8492,988.6881,7.5723
11.7604,1717.9363,988.7341,7.5723
11.7705,1718.9620,988.8065,7.5723
11.7809,1719.9160,988.9613,7.5723
11.7912,1720.8319,989.1621,7.5723
11.8013,1721.7526,989.2823,7.5723
11.8106,1722.7198,989.3383,7.5723
11.8202,1723.7772,989.4245,7.5723
11.8304,1724.8660,989.5703,7.5723
11.8407,1725.9506,989.6635,7.5723
11.8512,1727.0063,989.6752,7.5723
11.8610,1728.0248,989.8107,7.5723
11.8709,1728.9769,990.0152,7.5723
11.8814,1729.8665,990.2014,7.5723
11.8913,1730.7922,990.2864,7.5723
11.9014,1731.8152,990.3499,7.5723
11.9119,1732.8644,990.4727,7.5723
11.9203,1733.9799,990.5351,7.5723
11.9318,1735.0393,990.6076,7.5723
11.9417,1736.0619,990.7002,7.5723
11.9517,1737.0411,990.8936,7.5723
11.9604,1737.9296,991.0740,7.5723
11.9711,1738.8083,991.1966,7.5723
11.9807,1739.7562,991.2412,7.5723
11.9908,1740.7998,991.3331,7.5723
12.0006,1741.8801,991.4485,7.5723
12.0111,1742.9785,991.5447,7.5723
12.0203,1744.1008,991.6549,7.5723
12.0307,1745.1492,991.8208,7.5723
12.0421,1746.1112,992.0046,7.5723
12.0508,1747.0007,992.1540,7.5723
12.0603,1747.9418,992.2997,7.5723
12.0702,1748.9534,992.3576,7.5723
12.0824,1749.9973,992.4682,7.5723
12.0908,1751.0871,992.5692,7.5723
12.1010,1752.1439,992.6631,7.5723
12.1106,1753.1719,992.7767,7.5723
12.1211,1754.1457,992.9408,7.5723
12.1315,1754.9976,993.1156,7.5723
12.1403,1755.8826,993.2783,7.5723
12.1502,1756.8206,993.4741,7.5723
12.1613,1757.8152,993.5680,7.5723
12.1721,1758.8905,993.6541,7.5723
12.1807,1759.9937,993.7465,7.5723
12.1919,1761.0818,993.8367,7.5723
12.2006,1762.0989,994.0065,7.5723
12.2106,1763.0474,994.2113,7.5723
12.2206,1763.9067,994.3873,7.5723
12.2303,1764.7834,994.5217,7.5723
12.2419,1765.7253,994.6391,7.5723
12.2517,1766.6844,994.7770,7.5723
12.2606,1767.6929,994.8744,7.5723
12.2724,1768.7830,994.9423,7.5723
12.2802,1769.9092,995.0910,7.5723
12.2911,1770.9897,995.2389,7.5723
12.3010,1771.9569,995.4284,7.5723
12.3119,1772.8448,995.5920,7.5723
12.3216,1773.7325,995.7781,7.5723
12.3301,1774.6891,995.9043,7.5723
12.3417,1775.6965,995.9709,7.5723
12.3516,1776.7042,996.0596,7.5723
12.3610,1777.7071,996.1024,7.5723
12.3704,1778.6700,996.2093,7.5723
12.3803,1779.5439,996.3538,7.5723
12.3910,1780.3909,996.5133,7.5723
12.4012,1781.2374,996.6808,7.5723
12.4102,1782.1152,996.8293,7.5723
12.4203,1783.0410,996.9613,7.5723
12.4309,1784.0446,997.0684,7.5723
12.4405,1785.1110,997.1361,7.5723
12.4508,1786.1027,997.1915,7.5723
12.4605,1787.1108,997.2660,7.5723
12.4702,1788.0378,997.4416,7.5723
12.4808,1788.8845,997.6196,7.5723
12.4903,1789.7192,997.7588,7.5723
12.5007,1790.5784,997.9260,7.5723
12.5107,1791.5250,998.0434,7.5723
12.5205,1792.5491,998.1518,7.5723
12.5310,1793.6494,998.2122,7.5723
12.5416,1794.7056,998.2673,7.5723
12.5520,1795.7184,998.4049,7.5723
12.5608,1796.6529,998.5650,7.5723
12.5704,1797.5543,998.7670,7.5723
12.5800,1798.4559,998.9199,7.5723
12.5909,1799.4359,999.0405,7.5723
12.6010,1800.4636,999.1570,7.5723
12.6103,1801.5717,999.2528,7.5723
12.6202,1802.6929,999.3565,7.5723
12.6308,1803.7978,999.4936,7.5723
12.6403,1804.8253,999.6225,7.5723
12.6505,1805.7449,999.7950,7.5723
12.6606,1806.6340,999.9724,7.5723
12.6710,1807.5054,1000.1517,7.5723
12.6806,1808.4302,1000.2637,7.5723
12.6912,1809.4322,1000.3601,7.5723
12.7009,1810.5297,1000.4904,7.5723
12.7116,1811.7007,1000.5768,7.5723
12.7209,1812.8484,1000.7294,7.5723
12.7303,1813.8989,1000.9054,7.5723
12.7413,1814.8581,1001.1060,7.7380
12.7524,1815.7535,1001.2921,7.7380
12.7619,1816.6762,1001.4452,7.7380
12.7711,1817.6035,1001.6079,7.7380
12.7808,1818.5978,1001.6927,7.7380
12.7911,1819.5228,1001.7685,7.7380
12.8016,1820.3854,1001.8324,7.7380
12.8109,1821.1878,1001.9044,7.7380
12.8206,1821.9238,1002.0332,7.7380
12.8303,1822.6489,1002.1600,7.7380
12.8409,1823.4301,1002.2647,7.7380
12.8509,1824.3710,1002.4221,7.7380
12.8602,1825.4341,1002.6141,7.7380
12.8705,1826.5364,1002.7449,7.7380
12.8806,1827.7047,1002.8034,7.7380
12.8905,1828.8269,1002.8562,7.7380
12.9009,1829.8705,1002.9374,7.7380
12.9103,1830.8510,1003.0669,7.7380
12.9206,1831.7169,1003.2577,7.7380
12.9304,1832.5983,1003.3923,7.7380
12.9405,1833.5182,1003.5358,7.7380
12.9506,1834.5300,1003.6276,7.7380
12.9605,1835.5937,1003.7129,7.7380
12.9704,1836.7527,1003.7964,7.7380
12.9831,1837.9447,1003.8604,7.7380
12.9917,1839.0431,1003.9867,7.7380
13.0017,1840.0423,1004.0502,7.7380
13.0106,1840.9664,1004.2101,7.7380
13.0214,1841.8749,1004.4196,7.7380
13.0310,1842.8085,1004.5407,7.7380
13.0417,1843.8176,1004.6678,7.7380
13.0510,1844.9161,1004.7497,7.7380
13.0607,1846.1062,1004.8784,7.7380
13.0703,1847.3698,1005.0598,7.7380
13.0803,1848.5676,1005.2318,7.7380
13.0908,1849.6237,1005.3624,7.7380
13.1007,1850.5958,1005.4771,7.7380
13.1103,1851.5463,1005.6455,7.7380
13.1207,1852.5022,1005.8089,7.7380
13.1307,1853.4940,1005.9189,7.7380
13.1413,1854.5220,1006.0014,7.7380
13.1521,1855.5206,1006.1049,7.7380
13.1620,1856.4842,1006.2967,7.7380
13.1708,1857.4352,1006.5013,7.7380
13.1808,1858.3640,1006.6939,7.7380
13.1908,1859.3091,1006.8744,7.7380
13.2004,1860.3116,1007.0427,7.7380
13.2109,1861.3275,1007.2022,7.7380
13.2207,1862.4008,1007.2958,7.7380
13.2307,1863.5175,1007.4291,7.7380
13.2404,1864.5908,1007.6206,7.7380
13.2506,1865.5775,1007.8141,7.7380
13.2602,1866.4855,1008.0120,7.7380
13.2706,1867.4106,1008.1497,7.7380
13.2801,1868.3510,1008.2908,7.7380
13.2916,1869.3533,1008.4509,7.7380
13.3015,1870.3797,1008.5876,7.7380
13.3107,1871.4647,1008.6983,7.7380
13.3214,1872.5338,1008.8000,7.7380
13.3308,1873.5222,1008.9523,7.7380
13.3405,1874.4024,1009.1151,7.7380
13.3507,1875.2674,1009.2338,7.7380
13.3602,1876.1360,1009.3611,7.7380
13.3704,1877.0300,1009.4904,7.7380
13.3807,1877.9420,1009.6249,7.7380
13.3902,1878.9510,1009.7354,7.7380
13.4006,1880.0283,1009.8347,7.7380
13.4102,1881.1013,1009.9774,7.7380
13.4202,1882.1263,1010.1164,7.7380
13.4308,1882.9933,1010.2927,7.7380
13.4411,1883.8275,1010.3927,7.7380
13.4511,1884.7049,1010.5089,7.7380
13.4602,1885.6426,1010.6600,7.7380
13.4706,1886.5851,1010.7738,7.7380
13.4807,1887.5911,1010.8583,7.7380
13.4908,1888.6723,1010.9369,7.7380
13.5003,1889.7349,1011.0376,7.7380
13.5109,1890.6925,1011.2071,7.7380
13.5215,1891.6165,1011.3766,7.7380
13.5321,1892.4772,1011.5370,7.7380
13.5418,1893.3728,1011.6541,7.7380
13.5521,1894.3216,1011.8070,7.7380
13.5602,1895.3312,1011.9265,7.7380
13.5704,1896.3870,1012.0131,7.7380
13.5809,1897.5320,1012.1172,7.7380
13.5911,1898.6414,1012.2617,7.7380
13.6016,1899.5987,1012.4341,7.7380
13.6106,1900.4754,1012.5874,7.7380
13.6205,1901.3679,1012.7218,7.7380
13.6307,1902.2811,1012.8454,7.7380
13.6408,1903.2247,1012.9695,7.7380
13.6502,1904.2477,1013.1193,7.7380
13.6605,1905.2861,1013.2517,7.7380
13.6706,1906.3773,1013.3883,7.7380
13.6804,1907.4326,1013.5405,7.7380
13.6908,1908.4258,1013.7149,7.7380
13.7007,1909.3462,1013.8604,7.7380
13.7107,1910.2696,1013.9939,7.7380
13.7207,1911.2204,1014.1388,7.7380
13.7302,1912.1825,1014.3037,7.7380
13.7407,1913.2209,1014.3997,7.7380
13.7513,1914.3228,1014.5200,7.7380
13.7606,1915.4561,1014.6644,7.7380
13.7718,1916.5232,1014.8213,7.7380
13.7810,1917.4741,1014.9670,7.7380
13.7912,1918.3996,1015.0721,7.7380
13.8015,1919.3367,1015.1927,7.7380
13.8102,1920.3344,1015.3602,7.7380
13.8212,1921.3591,1015.5085,7.7380
13.8312,1922.4662,1015.5887,7.7380
13.8405,1923.6575,1015.7373,7.7380
13.8512,1924.7777,1015.8978,7.7380
13.8619,1925.7913,1016.0807,7.7380
13.8722,1926.7235,1016.2011,7.7380
13.8824,1927.6520,1016.3082,7.7380
13.8905,1928.5733,1016.4259,7.7380
13.9017,1929.5072,1016.5682,7.7380
13.9110,1930.4800,1016.7034,7.7380
13.9205,1931.5241,1016.8078,7.7380
13.9304,1932.6686,1016.9678,7.7380
13.9421,1933.7711,1017.1303,7.7380
13.9508,1934.7493,1017.3089,7.7380
13.9608,1935.6783,1017.4108,7.7380
13.9707,1936.6157,1017.5294,7.7380
13.9814,1937.5453,1017.6600,7.7380
13.9915,1938.4951,1017.7930,7.7380
14.0013,1939.5344,1017.9370,7.7380
14.0100,1940.6561,1018.0828,7.7380
14.0206,1941.7698,1018.2711,7.7380
14.0307,1942.7646,1018.4255,7.7380
14.0417,1943.7207,1018.5844,7.7380
14.0518,1944.6718,1018.6950,7.7380
14.0618,1945.6357,1018.8116,7.7380
14.0705,1946.5647,1018.9699,7.7380
14.0805,1947.5311,1019.1206,8.7761
14.0904,1948.5936,1019.2552,8.7761
14.1004,1949.6920,1019.4358,8.7761
14.1111,1950.7628,1019.6127,8.7761
14.1216,1951.7079,1019.7732,8.7761
14.1311,1952.5190,1019.8737,8.7761
14.1410,1953.3013,1019.9794,8.7761
14.1510,1954.0782,1020.1088,8.7761
14.1618,1954.8529,1020.2362,8.7761
14.1705,1955.5692,1020.3537,8.7761
14.1814,1956.3519,1020.4417,8.7761
14.1905,1957.2211,1020.5425,8.7761
14.2013,1958.1962,1020.6516,8.7761
14.2119,1959.2300,1020.8103,8.7761
14.2211,1960.2584,1021.0322,8.7761
14.2309,1961.2696,1021.1948,8.7761
14.2408,1962.2617,1021.3217,8.7761
14.2507,1963.2441,1021.4384,8.7761
14.2617,1964.2546,1021.6077,8.7761
14.2718,1965.2861,1021.7746,8.7761
14.2827,1966.3984,1021.9276,8.7761
14.2905,1967.4947,1022.1147,8.7761
14.3007,1968.5532,1022.3155,8.7761
14.3109,1969.5355,1022.4856,8.7761
14.3208,1970.5182,1022.6366,8.7761
14.3305,1971.5144,1022.7945,8.7761
14.3418,1972.4892,1022.9511,8.7761
14.3510,1973.4763,1023.1066,8.7761
14.3612,1974.4896,1023.3088,8.7761
14.3721,1975.5684,1023.5029,8.7761
14.3825,1976.6195,1023.6661,8.7761
14.3926,1977.6335,1023.8339,8.7761
14.4014,1978.6272,1023.9868,8.7761
14.4120,1979.6015,1024.1430,8.7761
14.4209,1980.5620,1024.3239,8.7761
14.4308,1981.5591,1024.4909,8.7761
14.4409,1982.5701,1024.6599,8.7761
14.4507,1983.5821,1024.8379,8.7761
14.4611,1984.5676,1025.0062,8.7761
14.4712,1985.4911,1025.1354,8.7761
14.4807,1986.3771,1025.2413,8.7761
14.4916,1987.2667,1025.3898,8.7761
14.5005,1988.2260,1025.5411,8.7761
14.5113,1989.1876,1025.7039,8.7761
14.5213,1990.1748,1025.8405,8.7761
14.5310,1991.1943,1026.0122,8.7761
14.5408,1992.2180,1026.1837,8.7761
14.5526,1993.2053,1026.3390,8.7761
14.5616,1994.1318,1026.4763,8.7761
14.5720,1995.0444,1026.5933,8.7761
14.5815,1995.9911,1026.7351,8.7761
14.5906,1996.9267,1026.8741,8.7761
14.6007,1997.8787,1027.0411,8.7761
14.6102,1998.8452,1027.2116,8.7761
14.6206,1999.8488,1027.3824,8.7761
14.6304,2000.8760,1027.5579,8.7761
14.6406,2001.8949,1027.7452,8.7761
14.6514,2002.8510,1027.9015,8.7761
14.6613,2003.7869,1028.0341,8.7761
14.6711,2004.7650,1028.1594,8.7761
14.6807,2005.7727,1028.3233,8.7761
14.6904,2006.7549,1028.4769,8.7761
14.7004,2007.7888,1028.6353,8.7761
14.7103,2008.8702,1028.8458,8.7761
14.7206,2009.9637,1029.0697,8.7761
14.7308,2011.0291,1029.2567,8.7761
14.7407,2012.0264,1029.4131,8.7761
14.7504,2012.9940,1029.5267,8.7761
14.7622,2013.9166,1029.6747,8.7761
14.7708,2014.8721,1029.8128,8.7761
14.7804,2015.8466,1029.9631,8.7761
14.7910,2016.8863,1030.1481,8.7761
14.8012,2017.9749,1030.3560,8.7761
14.8106,2019.1078,1030.5995,8.7761
14.8207,2020.2155,1030.7794,8.7761
14.8302,2021.2373,1030.9346,8.7761
14.8405,2022.2252,1031.0742,8.7761
14.8507,2023.2158,1031.2314,8.7761
14.8604,2024.1736,1031.3809,8.7761
14.8708,2025.1791,1031.5310,8.7761
14.8812,2026.1689,1031.7327,8.7761
14.8907,2027.1711,1031.8922,8.7761
14.9003,2028.1174,1032.0566,8.7761
14.9103,2029.0538,1032.1863,8.7761
14.9209,2030.0223,1032.3336,8.7761
14.9310,2030.9860,1032.5190,8.7761
14.9411,2031.9642,1032.6881,8.7761
14.9511,2032.9464,1032.8074,8.7761
14.9605,2033.9945,1032.9139,8.7761
14.9711,2035.0764,1033.0870,8.7761
14.9806,2036.1175,1033.2579,8.7761
14.9909,2037.1047,1033.4166,8.7761
15.0007,2038.0849,1033.5410,8.7761
15.0108,2039.0336,1033.6581,8.7761
15.0205,2040.0165,1033.7919,8.7761
15.0304,2040.9858,1033.9311,8.7761
15.0408,2042.0037,1034.0495,8.7761
15.0504,2043.0770,1034.1796,8.7761
15.0604,2044.1953,1034.3686,8.7761
15.0718,2045.2426,1034.5526,8.7761
15.0804,2046.2548,1034.6851,8.7761
15.0904,2047.2696,1034.7670,8.7761
15.1015,2048.3038,1035.0571,8.7761
15.1109,2049.2776,1035.1719,8.7761
15.1217,2050.2537,1035.3206,8.7761
15.1312,2051.2900,1035.4630,8.7761
15.1409,2052.3087,1035.6171,8.7761
15.1520,2053.3928,1035.8360,8.7761
15.1619,2054.4808,1036.0295,8.7761
15.1706,2055.5508,1036.1957,8.7761
15.1804,2056.5598,1036.3494,8.7761
15.1905,2057.5482,1036.4900,8.7761
15.2007,2058.5016,1036.6316,8.7761
15.2103,2059.4357,1036.7825,8.7761
15.2207,2060.3817,1037.0114,8.7761
15.2314,2061.2890,1037.2460,8.7761
15.2415,2062.2193,1037.4154,8.7761
15.2520,2063.1525,1037.5898,8.7761
15.2603,2064.1530,1037.7367,8.7761
15.2710,2065.1273,1037.8835,8.7761
15.2804,2066.1211,1038.0234,8.7761
15.2909,2067.1056,1038.1743,8.7761
15.3010,2068.0786,1038.3552,8.7761
15.3113,2069.0019,1038.6051,8.7761
15.3212,2069.9468,1038.8904,8.7761
15.3315,2070.9430,1039.1108,8.7761
15.3419,2071.9745,1039.2585,8.7761
15.3507,2072.9655,1039.4226,8.7761
15.3612,2073.9543,1039.5919,8.7761
15.3708,2074.9437,1039.7346,8.7761
15.3813,2075.9546,1039.8782,8.7761
15.3908,2076.8961,1040.0637,8.7761
15.4004,2077.8087,1040.2907,8.7761
15.4106,2078.7836,1040.5269,8.7761
15.4207,2079.7965,1040.6537,9.9601
15.4309,2080.7571,1040.7533,9.9601
15.4413,2081.7136,1040.8668,9.9601
15.4511,2082.6862,1041.0235,9.9601
15.4603,2083.6459,1041.1534,9.9601
15.4709,2084.5244,1041.2945,9.9601
15.4803,2085.3369,1041.4594,9.9601
15.4927,2086.1437,1041.6816,9.9601
15.5006,2086.9718,1041.8420,9.9601
15.5103,2087.7400,1041.9267,9.9601
15.5207,2088.4240,1041.9973,9.9601
15.5307,2089.0999,1042.1204,9.9601
15.5404,2089.9100,1042.3036,9.9601
15.5512,2090.8896,1042.4783,9.9601
15.5616,2092.0145,1042.5624,9.9601
15.5714,2093.1108,1042.6545,9.9601
15.5809,2094.0655,1042.8726,9.9601
15.5906,2095.0037,1043.1592,9.9601
15.6007,2095.9937,1043.3621,9.9601
15.6106,2097.0013,1043.4326,9.9601
15.6206,2097.9744,1043.5292,9.9601
15.6303,2098.9389,1043.6548,9.9601
15.6405,2099.9474,1043.8234,9.9601
15.6503,2100.9834,1043.9462,9.9601
15.6605,2102.0312,1044.0940,9.9601
15.6706,2103.0776,1044.3801,9.9601
15.6813,2104.0979,1044.6541,9.9601
15.6910,2105.1275,1044.8107,9.9601
15.7009,2106.1517,1044.8705,9.9601
15.7106,2107.1561,1044.9731,9.9601
15.7204,2108.1327,1045.1181,9.9601
15.7307,2109.1376,1045.2403,9.9601
15.7407,2110.1551,1045.3768,9.9601
15.7505,2111.1214,1045.5853,9.9601
15.7602,2112.0779,1045.8948,9.9601
15.7707,2113.0707,1046.1484,9.9601
15.7810,2114.1235,1046.2765,9.9601
15.7919,2115.1478,1046.3758,9.9601
15.8008,2116.2142,1046.4951,9.9601
15.8105,2117.2366,1046.6344,9.9601
15.8207,2118.2360,1046.7613,9.9601
15.8302,2119.2348,1046.9622,9.9601
15.8403,2120.2140,1047.2189,9.9601
15.8503,2121.2039,1047.4518,9.9601
15.8608,2122.2302,1047.6097,9.9601
15.8708,2123.2650,1047.7054,9.9601
15.8806,2124.2964,1047.8109,9.9601
15.8911,2125.3279,1047.9634,9.9601
15.9012,2126.3364,1048.1079,9.9601
15.9104,2127.3428,1048.2609,9.9601
15.9217,2128.3382,1048.4786,9.9601
15.9306,2129.3254,1048.7256,9.9601
15.9405,2130.3350,1048.9359,9.9601
15.9506,2131.3916,1049.0719,9.9601
15.9613,2132.4333,1049.1845,9.9601
15.9707,2133.4698,1049.3107,9.9601
15.9806,2134.4736,1049.4642,9.9601
15.9906,2135.4695,1049.5980,9.9601
16.0012,2136.4482,1049.7590,9.9601
16.0151,2137.3906,1049.9949,9.9601
16.0211,2138.3510,1050.2576,9.9601
16.0313,2139.3309,1050.4344,9.9601
16.0405,2140.3946,1050.5175,9.9601
16.0503,2141.4247,1050.6251,9.9601
16.0602,2142.4879,1050.7604,9.9601
16.0707,2143.5170,1050.8954,9.9601
16.0807,2144.5720,1051.0261,9.9601
16.0910,2145.5319,1051.2711,9.9601
16.1007,2146.4417,1051.5031,9.9601
16.1106,2147.3747,1051.7320,9.9601
16.1207,2148.3713,1051.8461,9.9601
16.1318,2149.3627,1051.9280,9.9601
16.1416,2150.3781,1052.0781,9.9601
16.1506,2151.4012,1052.2467,9.9601
16.1604,2152.4193,1052.3772,9.9601
16.1705,2153.4155,1052.5568,9.9601
16.1803,2154.3667,1052.8088,9.9601
16.1911,2155.3086,1053.0933,9.9601
16.2013,2156.3398,1053.2723,9.9601
16.2102,2157.3567,1053.4039,9.9601
16.2207,2158.3820,1053.5156,9.9601
16.2313,2159.3669,1053.6626,9.9601
16.2403,2160.3693,1053.7988,9.9601
16.2511,2161.4020,1053.9592,9.9601
16.2601,2162.3958,1054.1784,9.9601
16.2714,2163.3546,1054.4352,9.9601
16.2803,2164.2820,1054.7164,9.9601
16.2904,2165.2701,1054.8660,9.9601
16.3005,2166.2700,1054.9736,9.9601
16.3106,2167.2740,1055.0928,9.9601
16.3204,2168.2668,1055.2425,9.9601
16.3312,2169.2657,1055.3658,9.9601
16.3419,2170.2744,1055.5225,9.9601
16.3507,2171.2448,1055.7737,9.9601
16.3606,2172.1816,1056.0512,9.9601
16.3703,2173.1334,1056.2901,9.9601
16.3816,2174.1835,1056.4806,9.9601
16.3902,2175.2251,1056.6092,9.9601
16.4013,2176.2283,1056.7406,9.9601
16.4104,2177.2501,1056.8612,9.9601
16.4203,2178.2734,1057.0300,9.9601
16.4317,2179.2930,1057.2427,9.9601
16.4411,2180.2261,1057.5082,9.9601
16.4510,2181.1545,1057.7636,9.9601
16.4622,2182.0831,1057.9954,9.9601
16.4708,2183.1302,1058.1765,9.9601
16.4803,2184.1885,1058.3171,9.9601
16.4905,2185.1906,1058.4261,9.9601
16.5007,2186.2361,1058.5963,9.9601
16.5108,2187.2479,1058.7678,9.9601
16.5206,2188.1665,1058.9827,9.9601
16.5303,2189.0681,1059.2185,9.9601
16.5410,2189.9561,1059.4670,9.9601
16.5509,2190.8685,1059.6285,9.9601
16.5602,2191.8013,1059.7270,9.9601
16.5705,2192.7653,1059.8381,9.9601
16.5801,2193.7239,1059.9580,9.9601
16.5902,2194.7083,1060.1009,9.9601
16.6004,2195.7014,1060.2731,9.9601
16.6111,2196.5863,1060.4691,9.9601
16.6207,2197.4717,1060.7133,9.9601
16.6303,2198.4106,1060.9741,9.9601
16.6407,2199.3491,1061.1389,9.9601
16.6505,2200.3132,1061.2275,9.9601
16.6606,2201.2864,1061.3246,9.9601
16.6702,2202.2765,1061.4509,9.9601
16.6803,2203.2614,1061.5899,9.9601
16.6907,2204.2361,1061.7618,9.9601
16.7009,2205.1619,1061.9899,9.9601
16.7105,2206.0851,1062.2508,9.9601
16.7218,2207.0272,1062.5243,9.9601
16.7303,2208.0205,1062.6938,9.9601
16.7407,2208.9746,1062.8232,9.9601
16.7508,2209.9608,1062.9372,9.9601
16.7607,2210.9662,1063.0682,9.9601
16.7710,2211.9667,1063.2386,10.6765
16.7807,2212.9757,1063.4315,10.6765
16.7906,2213.9563,1063.6804,10.6765
16.8009,2214.9298,1063.9681,10.6765
16.8108,2215.9266,1064.2001,10.6765
16.8216,2216.9011,1064.3539,10.6765
16.8306,2217.8036,1064.4556,10.6765
16.8405,2218.5988,1064.5646,10.6765
16.8503,2219.3344,1064.6827,10.6765
16.8607,2220.0869,1064.8093,10.6765
16.8707,2220.9333,1064.9706,10.6765
16.8806,2221.8682,1065.1367,10.6765
16.8915,2222.8625,1065.3912,10.6765
16.9006,2223.9191,1065.6885,10.6765
16.9106,2225.0486,1065.9510,10.6765
16.9209,2226.1581,1066.0964,10.6765
16.9303,2227.2043,1066.1812,10.6765
16.9404,2228.2194,1066.3025,10.6765
16.9506,2229.2377,1066.4805,10.6765
16.9604,2230.2288,1066.6821,10.6765
16.9703,2231.1676,1066.8862,10.6765
16.9802,2232.0878,1067.1432,10.6765
16.9906,2233.0540,1067.4006,10.6765
17.0022,2234.0394,1067.6219,10.6765
17.0115,2235.0133,1067.7431,10.6765
17.0209,2235.9692,1067.8690,10.6765
17.0316,2236.9408,1067.9938,10.6765
17.0407,2237.9236,1068.1436,10.6765
17.0507,2238.9083,1068.3033,10.6765
17.0605,2239.8800,1068.5249,10.6765
17.0712,2240.8491,1068.7886,10.6765
17.0803,2241.9030,1068.9867,10.6765
17.0904,2242.9454,1069.1216,10.6765
17.1004,2243.9674,1069.2134,10.6765
17.1107,2244.9774,1069.3046,10.6765
17.1210,2246.0319,1069.4667,10.6765
17.1302,2247.0724,1069.6420,10.6765
17.1412,2248.0718,1069.8633,10.6765
17.1502,2249.0480,1070.1254,10.6765
17.1607,2250.0306,1070.3454,10.6765
17.1704,2251.1498,1070.4044,10.6765
17.1802,2252.3372,1070.4169,10.6765
17.1902,2253.3262,1070.5464,10.6765
17.2007,2254.3374,1070.6656,10.6765
17.2103,2255.3799,1070.7967,10.6765
17.2211,2256.4352,1070.9656,10.6765
17.2302,2257.4111,1071.1916,10.6765
17.2405,2258.5770,1071.3656,10.6765
17.2515,2259.5791,1071.6138,10.6765
17.2602,2260.6611,1071.8047,10.6765
17.2711,2261.6936,1071.9120,10.6765
17.2810,2262.6924,1072.0076,10.6765
17.2904,2263.7001,1072.1287,10.6765
17.3005,2264.6123,1072.3130,10.6765
17.3105,2265.5115,1072.5532,10.6765
17.3204,2266.4204,1072.7805,10.6765
17.3311,2267.3374,1072.9793,10.6765
17.3404,2268.3064,1073.1699,10.6765
17.3504,2269.3018,1073.3557,10.6765
17.3603,2270.2833,1073.5284,10.6765
17.3731,2271.2545,1073.6597,10.6765
17.3802,2272.2091,1073.8013,10.6765
17.3912,2273.1272,1073.9901,10.6765
17.4005,2274.0657,1074.2463,10.6765
17.4107,2275.0394,1074.5497,10.6765
17.4206,2276.0485,1074.8079,10.6765
17.4306,2277.1134,1075.0481,10.6765
17.4412,2278.2308,1075.2696,10.6765
17.4507,2279.2618,1075.4552,10.6765
17.4604,2280.2766,1075.5844,10.6765
17.4714,2281.2218,1075.7626,10.6765
17.4826,2282.1373,1076.0013,10.6765
17.4917,2283.0786,1076.2457,10.6765
17.5016,2284.0045,1076.4938,10.6765
17.5104,2284.9877,1076.7065,10.6765
17.5211,2286.0278,1076.8522,10.6765
17.5307,2287.0817,1076.9568,10.6765
17.5406,2288.0781,1077.0894,10.6765
17.5515,2289.0229,1077.2406,10.6765
17.5602,2289.9325,1077.4800,10.6765
17.5706,2290.8306,1077.7155,10.6765
17.5820,2291.7155,1077.9532,10.6765
17.5902,2292.6547,1078.1714,10.6765
17.6005,2293.7054,1078.3840,10.6765
17.6105,2294.7537,1078.5005,10.6765
17.6214,2295.7385,1078.5842,10.6765
17.6302,2296.7190,1078.6952,10.6765
17.6413,2297.6278,1078.8757,10.6765
17.6512,2298.4929,1079.0759,10.6765
17.6607,2299.3865,1079.2988,10.6765
17.6721,2300.2643,1079.5199,10.6765
17.6825,2301.2394,1079.7415,10.6765
17.6915,2302.2872,1079.9512,10.6765
17.7004,2303.3627,1080.0654,10.6765
17.7103,2304.3752,1080.1757,10.6765
17.7206,2305.3787,1080.2878,10.6765
17.7302,2306.3163,1080.4619,10.6765
17.7412,2307.1805,1080.7190,10.6765
17.7507,2308.0149,1081.0079,10.6765
17.7605,2308.8898,1081.2776,10.6765
17.7707,2309.8165,1081.5400,10.6765
17.7807,2310.8450,1081.7661,10.6765
17.7904,2311.8735,1081.9260,10.6765
17.8016,2312.8301,1082.0351,10.6765
17.8101,2313.7928,1082.2327,10.6765
17.8202,2314.6672,1082.5089,10.6765
17.8309,2315.5488,1082.7679,10.6765
17.8406,2316.4741,1082.9921,10.6765
17.8509,2317.4529,1083.2075,10.6765
17.8607,2318.4736,1083.4550,10.6765
17.8703,2319.5450,1083.6357,10.6765
17.8809,2320.6091,1083.8092,10.6765
17.8908,2321.6512,1083.8965,10.6765
17.9004,2322.6307,1084.0640,10.6765
17.9107,2323.5533,1084.3162,10.6765
17.9206,2324.4901,1084.5683,10.6765
17.9306,2325.4240,1084.8358,10.6765
17.9406,2326.4426,1085.0359,10.6765
17.9507,2327.4847,1085.2502,10.6765
17.9603,2328.5441,1085.3869,10.6765
17.9706,2329.5701,1085.5088,10.6765
17.9808,2330.5758,1085.6442,10.6765
17.9911,2331.5453,1085.8627,10.6765
18.0018,2332.4646,1086.1083,10.6765
18.0106,2333.4325,1086.3298,10.6765
18.0206,2334.4082,1086.5521,10.6765
18.0306,2335.4534,1086.7742,10.6765
18.0412,2336.5220,1086.9720,10.6765
18.0511,2337.5935,1087.1141,10.6765
18.0601,2338.6183,1087.2079,10.6765
18.0704,2339.6022,1087.3478,10.6765
18.0801,2340.5281,1087.5955,10.6765
18.0902,2341.4263,1087.8336,10.6765
18.1005,2342.3447,1088.0583,10.6765
18.1103,2343.3112,1088.2701,10.6765
18.1204,2344.3195,1088.4764,11.7103
18.1302,2345.3503,1088.6395,11.7103
18.1409,2346.4550,1088.7319,11.7103
18.1506,2347.4946,1088.8287,11.7103
18.1605,2348.4705,1089.0266,11.7103
18.1705,2349.3423,1089.3000,11.7103
18.1809,2350.1688,1089.5001,11.7103
18.1905,2350.9708,1089.6418,11.7103
18.2016,2351.7817,1089.8120,11.7103
18.2109,2352.5406,1089.9887,11.7103
18.2204,2353.2987,1090.1837,11.7103
18.2305,2354.1963,1090.3167,11.7103
18.2406,2355.2080,1090.4722,11.7103
18.2505,2356.2704,1090.6984,11.7103
18.2600,2357.3290,1090.9432,11.7103
18.2702,2358.3080,1091.1663,11.7103
18.2803,2359.2711,1091.3782,11.7103
18.2916,2360.2699,1091.6025,11.7103
18.3013,2361.2932,1091.8527,11.7103
18.3111,2362.2831,1092.0696,11.7103
18.3211,2363.3433,1092.2286,11.7103
18.3302,2364.3986,1092.3491,11.7103
18.3407,2365.3619,1092.5202,11.7103
18.3505,2366.2860,1092.7750,11.7103
18.3605,2367.2567,1093.0371,11.7103
18.3703,2368.2505,1093.2622,11.7103
18.3807,2369.3041,1093.4794,11.7103
18.3915,2370.3660,1093.7498,11.7103
18.4013,2371.4082,1093.9476,11.7103
18.4114,2372.4296,1094.0408,11.7103
18.4219,2373.4304,1094.2019,11.7103
18.4307,2374.3573,1094.4053,11.7103
18.4407,2375.3035,1094.7074,11.7103
18.4504,2376.2972,1094.9810,11.7103
18.4612,2377.3344,1095.2009,11.7103
18.4703,2378.3650,1095.4384,11.7103
18.4805,2379.4214,1095.6520,11.7103
18.4902,2380.5134,1095.8267,11.7103
18.5003,2381.5701,1096.0287,11.7103
18.5105,2382.5742,1096.1960,11.7103
18.5206,2383.4949,1096.4562,11.7103
18.5302,2384.4396,1096.7173,11.7103
18.5404,2385.4141,1096.9673,11.7103
18.5515,2386.4023,1097.1771,11.7103
18.5613,2387.4147,1097.4131,11.7103
18.5706,2388.4385,1097.6914,11.7103
18.5805,2389.4995,1097.8525,11.7103
18.5905,2390.5292,1098.0244,11.7103
18.6004,2391.4740,1098.2203,11.7103
18.6104,2392.3851,1098.4707,11.7103
18.6204,2393.3574,1098.7344,11.7103
18.6302,2394.3385,1098.9399,11.7103
18.6408,2395.3326,1099.1525,11.7103
18.6505,2396.3824,1099.3538,11.7103
18.6601,2397.4166,1099.5517,11.7103
18.6706,2398.3282,1099.6876,11.7103
18.6805,2399.1957,1099.8411,11.7103
18.6912,2400.0483,1100.0526,11.7103
18.7007,2400.9349,1100.2664,11.7103
18.7103,2401.9103,1100.4880,11.7103
18.7210,2402.9363,1100.7267,11.7103
18.7306,2403.9774,1100.9342,11.7103
18.7412,2405.0151,1101.1705,11.7103
18.7513,2405.9919,1101.3051,11.7103
18.7608,2406.9216,1101.4090,11.7103
18.7712,2407.8214,1101.6008,11.7103
18.7805,2408.7090,1101.8330,11.7103
18.7904,2409.6327,1102.0897,11.7103
18.8006,2410.6195,1102.2868,11.7103
18.8101,2411.6357,1102.5408,11.7103
18.8201,2412.6787,1102.7930,11.7103
18.8306,2413.7185,1102.9897,11.7103
18.8406,2414.7286,1103.1666,11.7103
18.8512,2415.6746,1103.3204,11.7103
18.8618,2416.5251,1103.5213,11.7103
18.8703,2417.4235,1103.7371,11.7103
18.8811,2418.3665,1103.9770,11.7103
18.8904,2419.3699,1104.2100,11.7103
18.9012,2420.4346,1104.4615,11.7103
18.9106,2421.5126,1104.7623,11.7103
18.9206,2422.5847,1104.9547,11.7103
18.9313,2423.6681,1105.1371,11.7103
18.9410,2424.6704,1105.3395,11.7103
18.9514,2425.5629,1105.5465,11.7103
18.9607,2426.4768,1105.7598,11.7103
18.9703,2427.4513,1105.9702,11.7103
18.9805,2428.4279,1106.2056,11.7103
18.9910,2429.4630,1106.4454,11.7103
19.0002,2430.5726,1106.6813,11.7103
19.0109,2431.6342,1106.8992,11.7103
19.0203,2432.6643,1107.0695,11.7103
19.0318,2433.6217,1107.2601,11.7103
19.0406,2434.5469,1107.5043,11.7103
19.0506,2435.4972,1107.7208,11.7103
19.0607,2436.4874,1107.9233,11.7103
19.0705,2437.4874,1108.1357,11.7103
19.0813,2438.5112,1108.3488,11.7103
19.0905,2439.4791,1108.5645,11.7103
19.1005,2440.3715,1108.7269,11.7103
19.1101,2441.2238,1108.9504,11.7103
19.1206,2442.1031,1109.1478,11.7103
19.1303,2443.0277,1109.3754,11.7103
19.1415,2443.9910,1109.5950,11.7103
19.1514,2445.0020,1109.7737,11.7103
19.1613,2446.0370,1110.0000,11.7103
19.1713,2447.0881,1110.2110,11.7103
19.1820,2448.1243,1110.3766,11.7103
19.1903,2449.1527,1110.4957,11.7103
19.2007,2450.1232,1110.6733,11.7103
19.2107,2451.0554,1110.9412,11.7103
19.2204,2452.0338,1111.1886,11.7103
19.2305,2453.0122,1111.4094,11.7103
19.2409,2454.0032,1111.6204,11.7103
19.2504,2455.0419,1111.8280,11.7103
19.2601,2456.0786,1112.0330,11.7103
19.2702,2457.0670,1112.1471,11.7103
19.2807,2458.0828,1112.2955,11.7103
19.2906,2459.0493,1112.5016,11.7103
19.3007,2460.0172,1112.7559,11.7103
19.3104,2460.9861,1113.0243,11.7103
19.3204,2461.9814,1113.2343,11.7103
19.3307,2462.9952,1113.4866,11.7103
19.3411,2464.0308,1113.7042,11.7103
19.3520,2465.1135,1113.9492,11.7103
19.3607,2466.1390,1114.1635,11.7103
19.3704,2467.1112,1114.3146,11.7103
19.3814,2468.0338,1114.5521,11.7103
19.3912,2469.0131,1114.7842,11.7103
19.4013,2470.0029,1115.0285,11.7103
19.4105,2471.0078,1115.2565,11.7103
19.4203,2472.0414,1115.5057,11.7103
19.4306,2473.0236,1115.7640,11.7103
19.4408,2473.9397,1115.9556,11.7103
19.4513,2474.8058,1116.1823,11.7103
19.4601,2475.6614,1116.3442,12.9011
19.4702,2476.5891,1116.5748,12.9011
19.4810,2477.5864,1116.8147,12.9011
19.4903,2478.6068,1117.0562,12.9011
19.5011,2479.6434,1117.3090,12.9011
19.5123,2480.6205,1117.5320,12.9011
19.5212,2481.5320,1117.7667,12.9011
19.5312,2482.4015,1117.9982,12.9011
19.5422,2483.2828,1118.1948,12.9011
19.5502,2484.1127,1118.3943,12.9011
19.5612,2484.9246,1118.5988,12.9011
19.5704,2485.6875,1118.7882,12.9011
19.5816,2486.4496,1119.0012,12.9011
19.5903,2487.3046,1119.2233,12.9011
19.6024,2488.3260,1119.5156,12.9011
19.6101,2489.4335,1119.7651,12.9011
19.6204,2490.5204,1120.0065,12.9011
19.6300,2491.4882,1120.1997,12.9011
19.6408,2492.4136,1120.3941,12.9011
19.6508,2493.3394,1120.6041,12.9011
19.6603,2494.2875,1120.7729,12.9011
19.6712,2495.2576,1120.9879,12.9011
19.6824,2496.2480,1121.2242,12.9011
19.6901,2497.2633,1121.4651,12.9011
19.7002,2498.2898,1121.7223,12.9011
19.7104,2499.2933,1121.9235,12.9011
19.7213,2500.2220,1122.1248,12.9011
19.7312,2501.1276,1122.2968,12.9011
19.7410,2502.0636,1122.4915,12.9011
19.7505,2503.0464,1122.6990,12.9011
19.7604,2504.0555,1122.8868,12.9011
19.7707,2505.1235,1123.1219,12.9011
19.7805,2506.1664,1123.3500,12.9011
19.7905,2507.1827,1123.5775,12.9011
19.8005,2508.1232,1123.7947,12.9011
19.8106,2509.0157,1123.9706,12.9011
19.8212,2509.9230,1124.1430,12.9011
19.8313,2510.8521,1124.3469,12.9011
19.8414,2511.8367,1124.5653,12.9011
19.8503,2512.8749,1124.7930,12.9011
19.8601,2513.9601,1124.9997,12.9011
19.8713,2515.0110,1125.2708,12.9011
19.8805,2515.9789,1125.5299,12.9011
19.8906,2516.8983,1125.7664,12.9011
19.9005,2517.8325,1125.9664,12.9011
19.9101,2518.7399,1126.1441,12.9011
19.9204,2519.6925,1126.3471,12.9011
19.9307,2520.7096,1126.5760,12.9011
19.9402,2521.7446,1126.8245,12.9011
19.9510,2522.8110,1127.0529,12.9011
19.9620,2523.8384,1127.2836,12.9011
19.9705,2524.7610,1127.5444,12.9011
19.9810,2525.6310,1127.7305,12.9011
19.9913,2526.5538,1127.9468,12.9011
20.0006,2527.4796,1128.1277,12.9011
20.0103,2528.4735,1128.3500,12.9011
20.0213,2529.5294,1128.6225,12.9011
20.0302,2530.5792,1128.8583,12.9011
20.0402,2531.6456,1129.1217,12.9011
20.0506,2532.6787,1129.3578,12.9011
20.0606,2533.6400,1129.5991,12.9011
20.0706,2534.5558,1129.8102,12.9011
20.0807,2535.4565,1129.9881,12.9011
20.0903,2536.3651,1130.1756,12.9011
20.1017,2537.3086,1130.4015,12.9011
20.1104,2538.3346,1130.6393,12.9011
20.1206,2539.4104,1130.8725,12.9011
20.1321,2540.4926,1131.0976,12.9011
20.1422,2541.4948,1131.3623,12.9011
20.1505,2542.4265,1131.5836,12.9011
20.1603,2543.3159,1131.7821,12.9011
20.1708,2544.2355,1131.9437,12.9011
20.1802,2545.2178,1132.1334,12.9011
20.1904,2546.2406,1132.3580,12.9011
20.2010,2547.2695,1132.5726,12.9011
20.2101,2548.3403,1132.8056,12.9011
20.2202,2549.3754,1133.0748,12.9011
20.2313,2550.3344,1133.3499,12.9011
20.2401,2551.2571,1133.6055,12.9011
20.2506,2552.1848,1133.7706,12.9011
20.2616,2553.0580,1133.9479,12.9011
20.2709,2554.0148,1134.1492,12.9011
20.2819,2555.0494,1134.3913,12.9011
20.2902,2556.1273,1134.6182,12.9011
20.3003,2557.1869,1134.8423,12.9011
20.3104,2558.1660,1135.1208,12.9011
20.3209,2559.0862,1135.4603,12.9011
20.3307,2559.9985,1135.7053,12.9011
20.3403,2560.9576,1135.9098,12.9011
20.3505,2561.9117,1136.0748,12.9011
20.3605,2562.9233,1136.2738,12.9011
20.3706,2563.9498,1136.5115,12.9011
20.3807,2565.0073,1136.7250,12.9011
20.3904,2566.0157,1137.0254,12.9011
20.4001,2566.9746,1137.3230,12.9011
20.4104,2567.9072,1137.6443,12.9011
20.4212,2568.8188,1137.8575,12.9011
20.4314,2569.7789,1138.0313,12.9011
20.4405,2570.7581,1138.2535,12.9011
20.4507,2571.8057,1138.4620,12.9011
20.4604,2572.8967,1138.7004,12.9011
20.4702,2573.9803,1138.9514,12.9011
20.4802,2574.9989,1139.2671,12.9011
20.4910,2575.9547,1139.5956,12.9011
20.5012,2576.9337,1139.8465,12.9011
20.5112,2577.8215,1140.0609,12.9011
20.5210,2578.7123,1140.1677,12.9011
20.5301,2579.6364,1140.3679,12.9011
20.5404,2580.6321,1140.5826,12.9011
20.5507,2581.7173,1140.8209,12.9011
20.5603,2582.8280,1141.1208,12.9011
20.5705,2583.8676,1141.5022,12.9011
20.5804,2584.8575,1141.8867,12.9011
20.5902,2585.8328,1142.1182,12.9011
20.6006,2586.7631,1142.2613,12.9011
20.6110,2587.6957,1142.3858,12.9011
20.6214,2588.6909,1142.5648,12.9011
20.6306,2589.7292,1142.8253,12.9011
20.6410,2590.7363,1143.1030,12.9011
20.6514,2591.6993,1143.4415,12.9011
20.6606,2592.6921,1143.7758,12.9011
20.6706,2593.6504,1144.0702,12.9011
20.6805,2594.6134,1144.3246,12.9011
20.6908,2595.5543,1144.5009,12.9011
20.7010,2596.5095,1144.6567,12.9011
20.7106,2597.5062,1144.8617,12.9011
20.7206,2598.5699,1145.0735,12.9011
20.7307,2599.3589,1145.3003,12.9011
20.7414,2600.3053,1145.5983,12.9011
20.7513,2601.1913,1145.8977,12.9011
20.7617,2602.0950,1146.1713,12.9011
20.7709,2602.9752,1146.3881,12.9011
20.7810,2603.9146,1146.5626,12.9011
20.7913,2604.9004,1146.7153,12.9011
20.8015,2605.9127,1146.9084,12.9011
20.8105,2606.8956,1147.1125,12.9011
20.8207,2607.8737,1147.3517,14.1232
20.8302,2608.8005,1147.6564,14.1232
20.8403,2609.6823,1147.9453,14.1232
20.8506,2610.5590,1148.2325,14.1232
20.8602,2611.4448,1148.4611,14.1232
20.8705,2612.3109,1148.6252,14.1232
20.8802,2613.1222,1148.7770,14.1232
20.8907,2613.8938,1148.8952,14.1232
20.9015,2614.6207,1149.0621,14.1232
20.9104,2615.4163,1149.2264,14.1232
20.9204,2616.3245,1149.4793,14.1232
20.9302,2617.3009,1149.7956,14.1232
20.9405,2618.2531,1150.1329,14.1232
20.9505,2619.1948,1150.4475,14.1232
20.9603,2620.1704,1150.6469,14.1232
20.9704,2621.1270,1150.8481,14.1232
20.9805,2622.1354,1151.0408,14.1232
20.9905,2623.1958,1151.2177,14.1232
21.0005,2624.2606,1151.4396,14.1232
21.0102,2625.3016,1151.7645,14.1232
21.0204,2626.2880,1152.1279,14.1232
21.0305,2627.2231,1152.4217,14.1232
21.0417,2628.1969,1152.5994,14.1232
21.0509,2629.1760,1152.8453,14.1232
21.0606,2630.1525,1153.0625,14.1232
21.0709,2631.2146,1153.2892,14.1232
21.0807,2632.2788,1153.5496,14.1232
21.0903,2633.3239,1153.8053,14.1232
21.1004,2634.3418,1154.1353,14.1232
21.1106,2635.3070,1154.4496,14.1232
21.1205,2636.2501,1154.6796,14.1232
21.1302,2637.2042,1154.8372,14.1232
21.1404,2638.2148,1155.0786,14.1232
21.1507,2639.2227,1155.3411,14.1232
21.1607,2640.2731,1155.5774,14.1232
21.1701,2641.3151,1155.8261,14.1232
21.1811,2642.3052,1156.0930,14.1232
21.1911,2643.2112,1156.3817,14.1232
21.2010,2644.0782,1156.6370,14.1232
21.2120,2644.9030,1156.8447,14.1232
21.2205,2645.7788,1157.0348,14.1232
21.2301,2646.7531,1157.2110,14.1232
21.2408,2647.8135,1157.4310,14.1232
21.2506,2648.9186,1157.6785,14.1232
21.2610,2649.9954,1157.9915,14.1232
21.2706,2651.0020,1158.3120,14.1232
21.2804,2651.9330,1158.6056,14.1232
21.2904,2652.8541,1158.7855,14.1232
21.3005,2653.8092,1158.9683,14.1232
21.3101,2654.7789,1159.1467,14.1232
21.3218,2655.7941,1159.3601,14.1232
21.3306,2656.8802,1159.5663,14.1232
21.3404,2657.9528,1159.8364,14.1232
21.3508,2658.9572,1160.1476,14.1232
21.3612,2659.9307,1160.4379,14.1232
21.3711,2660.8479,1160.7409,14.1232
21.3804,2661.7386,1160.9371,14.1232
21.3903,2662.6874,1161.1022,14.1232
21.4016,2663.6914,1161.3037,14.1232
21.4121,2664.7354,1161.5217,14.1232
21.4204,2665.8002,1161.7864,14.1232
21.4306,2666.7865,1162.0603,14.1232
21.4403,2667.7362,1162.4042,14.1232
21.4512,2668.7307,1162.7584,14.1232
21.4606,2669.7476,1163.0537,14.1232
21.4737,2670.7850,1163.2704,14.1232
21.4813,2671.8063,1163.4485,14.1232
21.4906,2672.8235,1163.6741,14.1232
21.5012,2673.7766,1163.9310,14.1232
21.5105,2674.7057,1164.2038,14.1232
21.5228,2675.6693,1164.4768,14.1232
21.5305,2676.6753,1164.7694,14.1232
21.5405,2677.6395,1165.0879,14.1232
21.5510,2678.6191,1165.3581,14.1232
21.5607,2679.5891,1165.5480,14.1232
21.5706,2680.5964,1165.7695,14.1232
21.5804,2681.6042,1165.9858,14.1232
21.5901,2682.5890,1166.2763,14.1232
21.6007,2683.5332,1166.6037,14.1232
21.6117,2684.4901,1166.9268,14.1232
21.6206,2685.4929,1167.2574,14.1232
21.6317,2686.4657,1167.5479,14.1232
21.6404,2687.4417,1167.8129,14.1232
21.6508,2688.4493,1168.0317,14.1232
21.6606,2689.4390,1168.2620,14.1232
21.6706,2690.4008,1168.5061,14.1232
21.6805,2691.3271,1168.7787,14.1232
21.6907,2692.2839,1169.0864,14.1232
21.7004,2693.2637,1169.4100,14.1232
21.7119,2694.2650,1169.7119,14.1232
21.7207,2695.2673,1169.9435,14.1232
21.7307,2696.2546,1170.1053,14.1232
21.7416,2697.2191,1170.3035,14.1232
21.7505,2698.1864,1170.4943,14.1232
21.7603,2699.1095,1170.7365,14.1232
21.7703,2700.0397,1170.9903,14.1232
21.7805,2700.9626,1171.2822,14.1232
21.7905,2701.9365,1171.5997,14.1232
21.8002,2702.8690,1171.8223,14.1232
21.8103,2703.8337,1172.0239,14.1232
21.8208,2704.8151,1172.2070,14.1232
21.8305,2705.7957,1172.3729,14.1232
21.8406,2706.7532,1172.6003,14.1232
21.8510,2707.6753,1172.8162,14.1232
21.8608,2708.5402,1173.0983,14.1232
21.8705,2709.4795,1173.3832,14.1232
21.8805,2710.4102,1173.6473,14.1232
21.8903,2711.3403,1173.9011,14.1232
21.9008,2712.3104,1174.1027,14.1232
21.9103,2713.2913,1174.3023,14.1232
21.9204,2714.2916,1174.4684,14.1232
21.9301,2715.2720,1174.7061,14.1232
21.9407,2716.2448,1174.9886,14.1232
21.9502,2717.1522,1175.3081,14.1232
21.9609,2718.1095,1175.6078,14.1232
21.9708,2719.0699,1175.8840,14.1232
21.9815,2720.0422,1176.1410,14.1232
21.9912,2721.0240,1176.3218,14.1232
22.0011,2722.0226,1176.5129,14.1232
22.0101,2723.0411,1176.7398,14.1232
22.0204,2723.9882,1176.9973,14.1232
22.0300,2724.9365,1177.2795,14.1232
22.0405,2725.8947,1177.6041,14.1232
22.0504,2726.8525,1177.8939,14.1232
22.0599,2727.8444,1178.1573,15.1063
22.0704,2728.7948,1178.3725,15.0883
22.0807,2729.7675,1178.5914,15.0857
22.0905,2730.7217,1178.8239,15.0585
22.1006,2731.7268,1179.1379,14.8464
22.1108,2732.7882,1179.7637,14.2664
22.1223,2733.9688,1180.1501,14.2664
22.1301,2734.9246,1180.2769,14.2664
22.1410,2735.6364,1180.8746,14.2664
22.1515,2736.5814,1181.4636,14.2664
22.1606,2737.4645,1181.8107,14.2664
22.1719,2738.0959,1182.4445,14.2664
22.1806,2739.0822,1183.0005,14.2664
22.1918,2740.0573,1183.6142,4.3461
22.2012,2740.8561,1184.4813,4.3461
22.2105,2741.7413,1185.1167,4.3461
22.2204,2742.7208,1185.3333,4.3461
22.2304,2743.7732,1185.3354,4.3461
22.2402,2744.7206,1185.1633,4.3461
22.2508,2745.5273,1185.0550,4.3461
22.2606,2746.2468,1185.1887,4.3461
22.2721,2746.9956,1185.3802,4.3461
22.2807,2747.7960,1185.4953,4.3461
22.2906,2748.6187,1185.4573,4.3461
22.3011,2749.4240,1185.4706,4.3461
22.3108,2750.2129,1185.5662,4.3461
22.3211,2751.0756,1185.6287,4.3461
22.3304,2751.9640,1185.6321,4.3461
22.3403,2752.8934,1185.5840,4.3461
22.3503,2753.9034,1185.6523,4.3461
22.3605,2755.0131,1185.7753,4.3461
22.3716,2756.1566,1185.8585,4.3461
22.3813,2757.3003,1185.9448,4.3461
22.3911,2758.4688,1186.0248,4.3461
22.4008,2759.6190,1186.1257,4.3461
22.4120,2760.6727,1186.1528,4.3461
22.4213,2761.6641,1186.1295,4.3461
22.4306,2762.4100,1186.0756,4.3461
22.4407,2763.3403,1186.1387,4.3461
22.4503,2764.3254,1186.2302,4.3461
22.4601,2765.3431,1186.3022,4.3461
22.4701,2766.3956,1186.3261,4.3461
22.4804,2767.5428,1186.4631,4.3461
22.4914,2768.6537,1186.5679,4.3461
22.5007,2769.6810,1186.6205,4.3461
22.5103,2770.6670,1186.5543,4.3461
22.5201,2771.7069,1186.5676,4.3461
22.5305,2772.7979,1186.6853,4.3461
22.5412,2773.8695,1186.8058,4.3461
22.5520,2774.9330,1186.8682,4.3461
22.5603,2775.9694,1186.9332,4.3461
22.5704,2776.9889,1187.0334,4.3461
22.5804,2778.0193,1187.1088,4.3461
22.5920,2779.0110,1187.1205,4.3461
22.6023,2780.0221,1187.1240,4.3461
22.6106,2781.0603,1187.1827,4.3461
22.6205,2782.1509,1187.2798,4.3461
22.6304,2783.2166,1187.3326,4.3461
22.6404,2784.2365,1187.4299,4.3461
22.6510,2785.2438,1187.5699,4.3461
22.6603,2786.2003,1187.6135,4.3461
22.6706,2787.1161,1187.6023,4.3461
22.6804,2787.9984,1187.5828,4.3461
22.6915,2788.9175,1187.6475,4.3461
22.7007,2789.9126,1187.7361,4.3461
22.7110,2790.9176,1187.8297,4.3461
22.7212,2791.9980,1187.9288,4.3461
22.7315,2793.0991,1188.0494,4.3461
22.7411,2794.1107,1188.1390,4.3461
22.7506,2795.0105,1188.1473,4.3461
22.7603,2795.8834,1188.1223,4.3461
22.7708,2796.8186,1188.1846,4.3461
22.7805,2797.7998,1188.2780,4.3461
22.7902,2798.8040,1188.3873,4.3461
22.8009,2799.8596,1188.4606,4.3461
22.8114,2800.9247,1188.5659,4.3461
22.8201,2801.9613,1188.7169,4.3461
22.8307,2802.9510,1188.8038,4.3461
22.8404,2803.8704,1188.8214,4.3461
22.8505,2804.7968,1188.7792,4.3461
22.8615,2805.7194,1188.7935,4.3461
22.8710,2806.6851,1188.9285,4.3461
22.8804,2807.7096,1189.0586,4.3461
22.8914,2808.7913,1189.1283,4.3461
22.9006,2809.9058,1189.2083,4.3461
22.9103,2810.9602,1189.3247,4.3461
22.9208,2811.9755,1189.4263,4.3461
22.9311,2812.9481,1189.4539,4.3461
22.9403,2813.8993,1189.4667,4.3461
22.9504,2814.8623,1189.5420,4.3461
22.9606,2815.8373,1189.6356,4.3461
22.9703,2816.8604,1189.7117,4.3461
22.9805,2817.8523,1189.7796,4.3461
22.9911,2818.8479,1189.9095,4.3461
23.0005,2819.8293,1190.0350,4.3461
23.0105,2820.8243,1190.1218,4.3461
23.0206,2821.8358,1190.1257,4.3461
23.0311,2822.7993,1190.1262,4.3461
23.0412,2823.7928,1190.2023,4.3461
23.0514,2824.7976,1190.3074,4.3461
23.0608,2825.8411,1190.3995,4.3461
23.0719,2826.8357,1190.4950,4.3461
23.0805,2827.7772,1190.5643,4.3461
23.0911,2828.6970,1190.6989,4.3461
23.1007,2829.5853,1190.7512,4.3461
23.1104,2830.4585,1190.7568,4.3461
23.1201,2831.4041,1190.7717,4.3461
23.1305,2832.3761,1190.8391,4.3461
23.1408,2833.4137,1190.9159,4.3461
23.1507,2834.4679,1191.0067,4.3461
23.1602,2835.5059,1191.0910,4.3461
23.1704,2836.5018,1191.2015,4.3461
23.1816,2837.4659,1191.2751,4.3461
23.1907,2838.3994,1191.2738,4.3461
23.2003,2839.3071,1191.2529,4.3461
23.2103,2840.2656,1191.2592,4.3461
23.2208,2841.2446,1191.3425,4.3461
23.2302,2842.2632,1191.3992,4.3461
23.2403,2843.2892,1191.4887,4.3461
23.2506,2844.3409,1191.5929,4.3461
23.2601,2845.3693,1191.7060,4.3461
23.2707,2846.3406,1191.7875,4.3461
23.2806,2847.2782,1191.7864,4.3461
23.2901,2848.2678,1191.7906,4.3461
23.3006,2849.2534,1191.8226,4.3461
23.3103,2850.3115,1191.9325,4.3461
23.3205,2851.3915,1192.0217,4.3461
23.3311,2852.4657,1192.1089,4.3461
23.3406,2853.5121,1192.2086,4.3461
23.3521,2854.4908,1192.3130,4.3461
23.3619,2855.5082,1192.4190,4.3461
23.3712,2856.5341,1192.4501,4.3461
23.3812,2857.5640,1192.4844,4.3461
23.3906,2858.5874,1192.5469,4.3461
23.4006,2859.6173,1192.6379,4.3461
23.4102,2860.7162,1192.7209,4.3461
23.4206,2861.7819,1192.8143,4.3461
23.4303,2862.7953,1192.9250,4.3461
23.4410,2863.7920,1193.0392,4.3461
23.4500,2864.7573,1193.1354,4.3461
23.4605,2865.7609,1193.1781,4.3461
23.4707,2866.7637,1193.2043,4.3461
23.4801,2867.7756,1193.2785,4.3461
23.4911,2868.7964,1193.3571,4.3461
23.5007,2869.8544,1193.4568,4.3461
23.5106,2870.9163,1193.5808,4.3461
23.5204,2871.9353,1193.7312,4.5974
23.5304,2872.9537,1193.8500,4.5974
23.5414,2873.9645,1193.9394,4.5974
23.5507,2874.9640,1193.9722,4.5974
23.5605,2875.9747,1194.0513,4.5974
23.5707,2876.9365,1194.1381,4.5974
23.5819,2877.8359,1194.2042,4.5974
23.5915,2878.7035,1194.2980,4.5974
23.6006,2879.4895,1194.3802,4.5974
23.6104,2880.3525,1194.5344,4.5974
23.6204,2881.1744,1194.6118,4.5974
23.6312,2882.0537,1194.6146,4.5974
23.6407,2883.0077,1194.6544,4.5974
23.6515,2884.0189,1194.7149,4.5974
23.6608,2885.0950,1194.7731,4.5974
23.6709,2886.1484,1194.8360,4.5974
23.6800,2887.2228,1194.9363,4.5974
23.6907,2888.2605,1195.0428,4.5974
23.7004,2889.2618,1195.1959,4.5974
23.7108,2890.2301,1195.2697,4.5974
23.7204,2891.1704,1195.2481,4.5974
23.7301,2892.1241,1195.2759,4.5974
23.7401,2893.0514,1195.3075,4.5974
23.7513,2894.0282,1195.4353,4.5974
23.7604,2895.0109,1195.5828,4.5974
23.7711,2895.9913,1195.6544,4.5974
23.7805,2897.0084,1195.7563,4.5974
23.7907,2897.9912,1195.8701,4.5974
23.8009,2898.9352,1195.9433,4.5974
23.8103,2899.8850,1195.9968,4.5974
23.8205,2900.8503,1196.0034,4.5974
23.8306,2901.8536,1196.0803,4.5974
23.8403,2902.8506,1196.1639,4.5974
23.8504,2903.8986,1196.3044,4.5974
23.8603,2904.9164,1196.4263,4.5974
23.8704,2905.8907,1196.5416,4.5974
23.8809,2906.8677,1196.6696,4.5974
23.8912,2907.8535,1196.7016,4.5974
23.9005,2908.8361,1196.7173,4.5974
23.9107,2909.8317,1196.7082,4.5974
23.9208,2910.8544,1196.7888,4.5974
23.9302,2911.8718,1196.9054,4.5974
23.9413,2912.8900,1197.0211,4.5974
23.9511,2913.8545,1197.0977,4.5974
23.9605,2914.8440,1197.2245,4.5974
23.9709,2915.8234,1197.2979,4.5974
23.9806,2916.7948,1197.3482,4.5974
23.9904,2917.7550,1197.3760,4.5974
24.0015,2918.7865,1197.4216,4.5974
24.0103,2919.8115,1197.5306,4.5974
24.0206,2920.8711,1197.6509,4.5974
24.0304,2921.8622,1197.7760,4.5974
24.0405,2922.8005,1197.8920,4.5974
24.0510,2923.7678,1198.0345,4.5974
24.0603,2924.7561,1198.0822,4.5974
24.0701,2925.7540,1198.1318,4.5974
24.0811,2926.7302,1198.1520,4.5974
24.0908,2927.7751,1198.2060,4.5974
24.1010,2928.8302,1198.2999,4.5974
24.1101,2929.8577,1198.4037,4.5974
24.1204,2930.8582,1198.4958,4.5974
24.1304,2931.8456,1198.6068,4.5974
24.1403,2932.8340,1198.7010,4.5974
24.1504,2933.8546,1198.7776,4.5974
24.1603,2934.8781,1198.8114,4.5974
24.1706,2935.9043,1198.8536,4.5974
24.1804,2936.9623,1198.9085,4.5974
24.1905,2938.0078,1199.0118,4.5974
24.2003,2939.0017,1199.1058,4.5974
24.2120,2939.9581,1199.2344,4.5974
24.2219,2940.9180,1199.3203,4.5974
24.2305,2941.9099,1199.4034,4.5974
24.2405,2942.8882,1199.4279,4.5974
24.2506,2943.9106,1199.4964,4.5974
24.2613,2944.9504,1199.5296,4.5974
24.2704,2946.0126,1199.6328,4.5974
24.2816,2947.0463,1199.7446,4.5974
24.2902,2948.0374,1199.8553,4.5974
24.3002,2948.9600,1199.9338,4.5974
24.3103,2949.9137,1200.0211,4.5974
24.3204,2950.8823,1200.1208,4.5974
24.3306,2951.9182,1200.1806,4.5974
24.3409,2952.9159,1200.2601,4.5974
24.3521,2953.9752,1200.3022,4.5974
24.3604,2955.0099,1200.3887,4.5974
24.3705,2956.0522,1200.4908,4.5974
24.3805,2957.0781,1200.5869,4.5974
24.3903,2958.0255,1200.6522,4.5974
24.4007,2959.0325,1200.7339,4.5974
24.4103,2960.0425,1200.8211,4.5974
24.4206,2961.0531,1200.9208,4.5974
24.4301,2962.0775,1200.9853,4.5974
24.4407,2963.1289,1201.0795,4.5974
24.4502,2964.2140,1201.1823,4.5974
24.4605,2965.2783,1201.2761,4.5974
24.4703,2966.3116,1201.3790,4.5974
24.4804,2967.3234,1201.4523,4.5974
24.4916,2968.3207,1201.5428,4.5974
24.5008,2969.3021,1201.6284,4.5974
24.5107,2970.2310,1201.7064,4.5974
24.5206,2971.1732,1201.7930,4.5974
24.5301,2972.1287,1201.8477,4.5974
24.5401,2973.0918,1201.9877,4.5974
24.5504,2974.0706,1202.0284,4.5974
24.5602,2975.0461,1202.1710,4.5974
24.5702,2975.9835,1202.2648,4.5974
24.5804,2976.9309,1202.3429,4.5974
24.5902,2977.8359,1202.5151,4.5974
24.6003,2978.7096,1202.6125,4.5974
24.6107,2979.5203,1202.6896,4.5974
24.6206,2980.4138,1202.7334,4.5974
24.6304,2981.3051,1202.7903,4.5974
24.6406,2982.1981,1202.8765,4.5974
24.6519,2983.1272,1202.9771,4.5974
24.6602,2984.0751,1203.0761,4.5974
24.6702,2985.0354,1203.1018,4.5974
24.6814,2985.9750,1203.1174,4.5974
24.6903,2987.0293,1203.1993,4.5974
24.7008,2988.0929,1203.2727,4.5974
24.7104,2989.1447,1203.3395,4.5974
24.7204,2990.1753,1203.4162,4.5974
24.7307,2991.1758,1203.4684,4.5974
24.7402,2991.6143,1203.2794,4.5974
24.7502,2992.4949,1203.3341,4.5974
24.7600,2993.3972,1203.3962,4.5974
24.7705,2994.3428,1203.5109,4.5974
24.7801,2995.3595,1203.5468,4.5974
24.7903,2996.4193,1203.6436,4.5974
24.8005,2997.4984,1203.7245,4.5974
24.8105,2998.5018,1203.8206,4.5974
24.8212,2999.5067,1203.9474,4.5974
24.8319,3000.5209,1204.0644,4.5974
24.8412,3001.5393,1204.1901,4.5974
24.8514,3002.5496,1204.2503,4.5974
24.8601,3003.5697,1204.3271,4.5974
24.8704,3004.5876,1204.3793,4.5974
24.8812,3005.6208,1204.4379,4.5974
24.8910,3006.6447,1204.5533,5.3167
24.9009,3007.6216,1204.6898,5.3167
24.9105,3008.6229,1204.8346,5.3167
24.9201,3009.6425,1204.9349,5.3167
24.9307,3010.6593,1205.0641,5.3167
24.9401,3011.6295,1205.1390,5.3167
24.9505,3012.5059,1205.1873,5.3167
24.9606,3013.3193,1205.2012,5.3167
24.9713,3014.0880,1205.2500,5.3167
24.9818,3014.8251,1205.3723,5.3167
24.9906,3015.6777,1205.4865,5.3167
25.0006,3016.6945,1205.6194,5.3167
25.0108,3017.8176,1205.7617,5.3167
25.0211,3018.9702,1205.8646,5.3167
25.0305,3020.0980,1205.9473,5.3167
25.0408,3021.1549,1206.0283,5.3167
25.0511,3022.1503,1206.1061,5.3167
25.0602,3023.0885,1206.2093,5.3167
25.0713,3024.0391,1206.3165,5.3167
25.0804,3025.0071,1206.4457,5.3167
25.0907,3026.0244,1206.5645,5.3167
25.1007,3027.1019,1206.6836,5.3167
25.1103,3028.1730,1206.7843,5.3167
25.1205,3029.2402,1206.8530,5.3167
25.1301,3030.2915,1206.9597,5.3167
25.1406,3031.3341,1207.0673,5.3167
25.1504,3032.3354,1207.1986,5.3167
25.1610,3033.3231,1207.2966,5.3167
25.1715,3034.2968,1207.4311,5.3167
25.1811,3035.2787,1207.5234,5.3167
25.1902,3036.2463,1207.5704,5.3167
25.2013,3037.2145,1207.6221,5.3167
25.2107,3038.2076,1207.7306,5.3167
25.2213,3039.1991,1207.8444,5.3167
25.2309,3040.2107,1207.9487,5.3167
25.2422,3041.2172,1208.0372,5.3167
25.2502,3042.2290,1208.1630,5.3167
25.2603,3043.2731,1208.2935,5.3167
25.2708,3044.3037,1208.3883,5.3167
25.2805,3045.2988,1208.4425,5.3167
25.2902,3046.3307,1208.4821,5.3167
25.3016,3047.3707,1208.5716,5.3167
25.3113,3048.4241,1208.6501,5.3167
25.3215,3049.4415,1208.7654,5.3167
25.3313,3050.4187,1208.8826,5.3167
25.3415,3051.4149,1209.0213,5.3167
25.3511,3052.4243,1209.2173,5.3167
25.3615,3053.4543,1209.3560,5.3167
25.3701,3054.5394,1209.4459,5.3167
25.3805,3055.6492,1209.5125,5.3167
25.3908,3056.7581,1209.5658,5.3167
25.4003,3057.8467,1209.7037,5.3167
25.4101,3058.8981,1209.8630,5.3167
25.4202,3059.8955,1210.0091,5.3167
25.4304,3060.8871,1210.1850,5.3167
25.4401,3061.9431,1210.3287,5.3167
25.4502,3063.0884,1210.4413,5.3167
25.4606,3064.2418,1210.5154,5.3167
25.4714,3065.4236,1210.5443,5.3167
25.4805,3066.5229,1210.6002,5.3167
25.4910,3067.5709,1210.6934,5.3167
25.5006,3068.5122,1210.8035,5.3167
25.5100,3069.4524,1210.9143,5.3167
25.5213,3070.3942,1211.0638,5.3167
25.5304,3071.4158,1211.1340,5.3167
25.5408,3072.4978,1211.1641,5.3167
25.5502,3073.5959,1211.2461,5.3167
25.5639,3074.6964,1211.2967,5.3167
25.5704,3075.7758,1211.4050,5.3167
25.5805,3076.7904,1211.5416,5.3167
25.5907,3077.7976,1211.6367,5.3167
25.6014,3078.7883,1211.7164,5.3167
25.6107,3079.8199,1211.8445,5.3167
25.6213,3080.8842,1212.0119,5.3167
25.6304,3081.9590,1212.1685,5.3167
25.6409,3083.0144,1212.2938,5.3167
25.6509,3084.0013,1212.4023,5.3167
25.6607,3084.9658,1212.4797,5.3167
25.6716,3085.9716,1212.5984,5.3167
25.6803,3086.9082,1212.7188,5.3167
25.6923,3087.8816,1212.8327,5.3167
25.7007,3088.9146,1212.9722,5.3167
25.7104,3089.9313,1213.1041,5.3167
25.7214,3090.9387,1213.2026,5.3167
25.7303,3091.9366,1213.2669,5.3167
25.7406,3092.9486,1213.3547,5.3167
25.7507,3093.9038,1213.4240,5.3167
25.7612,3094.8568,1213.5221,5.3167
25.7703,3095.8235,1213.6403,5.3167
25.7808,3096.7933,1213.7658,5.3167
25.7904,3097.8116,1213.8987,5.3167
25.8011,3098.7572,1214.0062,5.3167
25.8102,3099.6637,1214.0867,5.3167
25.8205,3100.5837,1214.2093,5.3167
25.8305,3101.5200,1214.2978,5.3167
25.8401,3102.4730,1214.3923,5.3167
25.8503,3103.4600,1214.4928,5.3167
25.8609,3104.4448,1214.6296,5.3167
25.8711,3105.4431,1214.7368,5.3167
25.8805,3106.4232,1214.8380,5.3167
25.8905,3107.3500,1214.9488,5.3167
25.9007,3108.2446,1215.0966,5.3167
25.9103,3109.1530,1215.2070,5.3167
25.9207,3110.0549,1215.2843,5.3167
25.9313,3111.0415,1215.3802,5.3167
25.9402,3112.0415,1215.4894,5.3167
25.9502,3113.0924,1215.5826,5.3167
25.9604,3114.1444,1215.7004,5.3167
25.9708,3115.2119,1215.8463,5.3167
25.9808,3116.2502,1215.9498,5.3167
25.9905,3117.2114,1216.0473,5.3167
26.0002,3118.1355,1216.1263,5.3167
26.0101,3119.0352,1216.2142,5.3167
26.0207,3119.9738,1216.2784,5.3167
26.0315,3120.9241,1216.3920,5.3167
26.0404,3121.9220,1216.4760,5.3167
26.0509,3122.9805,1216.6072,5.3167
26.0608,3124.0176,1216.7746,5.3167
26.0706,3125.0167,1216.9203,5.3167
26.0805,3125.9723,1216.9909,5.3167
26.0905,3126.8970,1217.0650,5.3167
26.1010,3127.8163,1217.1373,5.3167
26.1118,3128.7549,1217.2433,5.3167
26.1214,3129.7814,1217.3669,5.3167
26.1310,3130.8142,1217.4865,5.3167
26.1418,3131.9176,1217.6429,5.3167
26.1504,3132.9989,1217.8049,5.3167
26.1605,3133.9996,1217.9258,5.3167
26.1709,3134.9539,1217.9951,5.3167
26.1801,3135.8771,1218.0737,5.3167
26.1910,3136.7675,1218.1382,5.3167
26.2006,3137.7123,1218.2115,5.3167
26.2107,3138.7271,1218.3337,5.3167
26.2205,3139.7477,1218.4800,5.3167
26.2304,3140.8373,1218.6238,5.3167
26.2413,3141.9337,1218.7792,6.7386
26.2505,3142.9373,1218.8489,6.7386
26.2606,3143.8752,1218.9149,6.7386
26.2704,3144.7875,1218.9694,6.7386
26.2806,3145.6592,1219.0449,6.7386
26.2900,3146.4957,1219.1342,6.7386
26.3002,3147.3229,1219.1802,6.7386
26.3105,3148.1510,1219.2885,6.7386
26.3214,3148.9478,1219.3943,6.7386
26.3309,3149.7415,1219.5427,6.7386
26.3407,3150.5157,1219.6663,6.7386
26.3511,3151.4086,1219.7320,6.7386
26.3605,3152.3510,1219.8398,6.7386
26.3716,3153.3772,1219.8887,6.7386
26.3803,3154.4124,1219.9934,6.7386
26.3914,3155.4869,1220.0768,6.7386
26.4007,3156.5635,1220.2013,6.7386
26.4107,3157.6902,1220.3996,6.7386
26.4205,3158.8196,1220.5892,6.7386
26.4304,3159.8903,1220.7367,6.7386
26.4417,3160.9169,1220.8176,6.7386
26.4526,3161.8497,1220.8659,6.7386
26.4610,3162.8212,1220.9387,6.7386
26.4711,3163.7679,1221.0543,6.7386
26.4818,3164.8367,1221.1906,6.7386
26.4911,3165.9590,1221.3775,6.7386
26.5008,3167.1248,1221.5257,6.7386
26.5110,3168.2527,1221.6831,6.7386
26.5206,3169.2745,1221.8072,6.7386
26.5306,3170.2357,1221.8922,6.7386
26.5410,3170.6545,1221.5895,6.7386
26.5517,3171.6292,1221.6663,6.7386
26.5606,3172.6481,1221.7490,6.7386
26.5706,3173.7379,1221.9016,6.7386
26.5814,3174.8508,1222.0557,6.7386
26.5908,3175.9952,1222.2431,6.7386
26.6010,3177.0529,1222.3864,6.7386
26.6102,3178.0410,1222.4647,6.7386
26.6208,3178.9838,1222.4998,6.7386
26.6303,3179.9229,1222.5621,6.7386
26.6406,3180.9247,1222.6381,6.7386
26.6504,3181.9558,1222.7858,6.7386
26.6602,3183.0688,1222.9277,6.7386
26.6706,3184.2258,1223.1285,6.7386
26.6803,3185.3556,1223.3041,6.7386
26.6907,3186.3894,1223.4449,6.7386
26.7010,3187.3185,1223.4894,6.7386
26.7107,3188.2943,1223.5512,6.7386
26.7202,3189.3021,1223.6218,6.7386
26.7302,3190.3328,1223.7819,6.7386
26.7408,3191.4149,1223.9246,6.7386
26.7502,3192.5244,1224.0800,6.7386
26.7601,3193.5815,1224.2831,6.7386
26.7704,3194.5900,1224.4722,6.7386
26.7806,3195.5498,1224.5654,6.7386
26.7912,3196.5237,1224.6221,6.7386
26.8014,3197.5094,1224.7137,6.7386
26.8107,3198.5155,1224.8229,6.7386
26.8206,3199.5417,1224.9951,6.7386
26.8312,3200.6057,1225.1499,6.7386
26.8412,3201.7035,1225.3145,6.7386
26.8518,3202.6561,1225.4601,6.7386
26.8604,3203.5665,1225.5695,6.7386
26.8708,3204.4360,1225.6323,6.7386
26.8815,3205.3337,1225.7087,6.7386
26.8903,3206.2949,1225.8083,6.7386
26.9013,3207.2622,1225.9277,6.7386
26.9099,3208.3315,1226.0637,6.7386
26.9204,3209.4410,1226.2350,6.7386
26.9304,3210.4747,1226.3871,6.7386
26.9403,3211.4282,1226.5256,6.7386
26.9502,3212.2662,1226.6417,6.7386
26.9604,3213.1211,1226.7454,6.7386
26.9707,3214.0161,1226.8247,6.7386
26.9805,3214.9615,1226.9001,6.7386
26.9903,3215.9747,1226.9838,6.7386
27.0005,3217.1277,1227.1712,6.7386
27.0106,3218.2426,1227.3312,6.7386
27.0202,3219.3170,1227.5205,6.7386
27.0303,3220.2617,1227.6375,6.7386
27.0403,3221.1482,1227.7756,6.7386
27.0502,3221.9868,1227.8555,6.7386
27.0601,3222.8800,1227.9362,6.7386
27.0709,3223.8199,1228.0353,6.7386
27.0803,3224.8059,1228.1823,6.7386
27.0902,3225.8583,1228.3647,6.7386
27.1007,3226.9819,1228.5623,6.7386
27.1111,3228.0601,1228.7338,6.7386
27.1215,3228.9913,1228.8687,6.7386
27.1316,3229.8766,1228.9605,6.7386
27.1403,3230.7611,1229.0219,6.7386
27.1514,3231.6573,1229.0939,6.7386
27.1613,3232.6836,1229.2307,6.7386
27.1715,3233.7766,1229.3776,6.7386
27.1804,3234.9128,1229.5587,6.7386
27.1908,3236.0426,1229.7446,6.7386
27.2007,3237.0670,1229.9272,6.7386
27.2115,3237.9781,1230.0567,6.7386
27.2215,3238.8757,1230.1454,6.7386
27.2301,3239.8103,1230.2070,6.7386
27.2405,3240.7609,1230.2815,6.7386
27.2506,3241.7527,1230.4372,6.7386
27.2613,3242.7533,1230.5619,6.7386
27.2700,3243.8490,1230.7211,6.7386
27.2802,3244.8518,1230.8937,6.7386
27.2913,3245.7786,1231.0585,6.7386
27.3005,3246.6320,1231.2023,6.7386
27.3105,3247.4891,1231.2900,6.7386
27.3210,3248.4030,1231.3517,6.7386
27.3306,3249.3646,1231.4594,6.7386
27.3402,3250.4257,1231.5987,6.7386
27.3504,3251.5205,1231.7462,6.7386
27.3612,3252.6525,1231.8998,6.7386
27.3719,3253.6744,1232.0762,6.7386
27.3803,3254.6174,1232.1852,6.7386
27.3905,3255.4993,1232.2656,6.7386
27.4009,3256.4141,1232.3277,6.7386
27.4101,3257.3856,1232.3981,6.7386
27.4206,3258.4298,1232.5257,6.7386
27.4304,3259.5620,1232.6927,6.7386
27.4405,3260.6755,1232.8546,6.7386
27.4505,3261.7791,1233.0234,6.7386
27.4606,3262.7665,1233.2136,6.7386
27.4709,3263.7291,1233.3295,6.7386
27.4803,3264.6891,1233.3521,6.7386
27.4903,3265.6382,1233.3822,6.7386
27.5007,3266.5948,1233.4836,6.7386
27.5100,3267.6613,1233.6452,6.7386
27.5202,3268.7267,1233.8385,6.7386
27.5316,3269.8505,1234.0124,7.9195
27.5401,3270.9341,1234.1711,7.9186
27.5500,3271.9974,1234.3661,7.9065
27.5604,3272.9410,1234.4995,7.9297
27.5706,3273.9885,1234.4945,8.2462
27.5807,3275.0291,1234.4899,8.9024
27.5906,3276.0684,1234.5994,8.9024
27.6005,3277.1261,1234.5845,11.1703
27.6111,3278.1829,1234.7555,11.1703
27.6210,3279.1934,1234.9260,11.1703
27.6302,3279.9998,1234.6738,11.1703
27.6415,3280.7618,1234.2446,11.1703
27.6507,3281.5084,1233.8646,11.1703
27.6607,3282.2745,1233.3013,11.1703
27.6714,3283.1537,1232.6680,11.1703
27.6807,3284.0818,1232.4951,11.1703
27.6908,3285.0818,1232.8525,11.1703
27.7004,3286.0663,1233.3346,11.1703
27.7100,3286.9331,1233.8513,11.1703
27.7204,3287.7957,1234.1605,11.1703
27.7304,3288.5638,1234.3375,11.1703
27.7411,3289.3971,1234.5035,11.1703
27.7510,3290.3218,1234.8089,11.1703
27.7617,3291.2261,1235.1470,11.1703
27.7724,3292.2152,1235.5280,11.1703
27.7803,3293.1490,1235.9250,11.1703
27.7901,3294.1205,1236.2869,11.1703
27.8009,3295.1461,1236.6371,11.1703
27.8103,3296.2617,1237.0100,11.1703
27.8201,3297.3549,1237.3495,11.1703
27.8307,3298.3993,1237.6886,11.1703
27.8401,3299.4409,1237.9623,11.1703
27.8517,3300.4144,1238.2851,11.1703
27.8605,3301.4194,1238.7229,11.1703
27.8702,3302.3209,1239.1393,11.1703
27.8802,3303.2402,1239.4680,11.1703
27.8911,3304.1804,1239.7280,11.1703
27.9004,3305.1189,1240.0056,11.1703
27.9111,3306.0917,1240.3116,11.1703
27.9215,3307.1012,1240.6600,11.1703
27.9302,3308.1553,1240.9744,11.1703
27.9410,3309.1533,1241.3669,11.1703
27.9512,3310.0731,1241.8010,11.1703
27.9603,3310.5530,1241.8500,11.1703
27.9717,3311.6208,1242.3619,11.1703
27.9815,3312.7065,1242.7120,11.1703
27.9907,3313.8119,1243.0703,11.1703
28.0029,3314.8007,1243.3770,11.1703
28.0115,3315.9011,1243.7545,11.1703
28.0206,3316.9414,1244.1843,11.1703
28.0304,3317.9539,1244.6606,11.1703
28.0404,3318.4720,1244.7939,11.1703
28.0504,3319.4802,1245.2348,11.1703
28.0607,3320.5513,1245.5447,11.1703
28.0711,3321.5491,1245.8339,11.1703
28.0804,3322.4786,1246.1207,11.1703
28.0909,3323.4380,1246.4363,11.1703
28.1013,3324.4475,1246.8215,11.1703
28.1105,3325.3680,1247.2327,11.1703
28.1206,3326.3190,1247.6466,11.1703
28.1308,3326.7916,1247.6664,11.1703
28.1405,3327.8041,1248.0937,11.1703
28.1506,3328.8120,1248.3535,11.1703
28.1602,3329.7920,1248.6474,11.1703
28.1703,3330.7717,1248.9581,11.1703
28.1813,3331.7517,1249.3021,11.1703
28.1901,3332.7201,1249.6776,11.1703
28.2002,3333.6334,1250.0839,11.1703
28.2102,3334.5399,1250.5074,11.1703
28.2209,3335.4994,1250.8739,11.1703
28.2307,3336.4662,1251.1565,11.1703
28.2406,3337.3940,1251.3495,11.1703
28.2509,3338.3572,1251.5544,11.1703
28.2615,3339.2938,1251.8247,11.1703
28.2706,3340.2401,1252.0859,11.1703
28.2804,3341.2203,1252.4266,11.1703
28.2904,3342.1372,1252.7915,11.1703
28.3002,3343.0425,1253.1730,11.1703
28.3104,3343.7024,1253.1797,11.1703
28.3206,3344.6849,1253.4677,11.1703
28.3302,3345.6464,1253.7585,11.1703
28.3407,3346.6099,1254.0715,11.1703
28.3510,3347.5956,1254.4119,11.1703
28.3618,3348.6141,1254.8162,11.1703
28.3705,3349.6389,1255.2742,11.1703
28.3807,3350.6034,1255.6988,11.1703
28.3908,3351.5668,1256.1272,11.1703
28.4005,3352.2623,1256.1528,11.1703
28.4103,3353.2581,1256.4793,11.1703
28.4209,3354.1670,1256.6779,11.1703
28.4304,3355.0750,1256.9948,11.1703
28.4403,3356.0328,1257.3458,11.1703
28.4502,3357.0269,1257.7559,11.1703
28.4602,3357.8754,1257.9976,11.1703
28.4704,3358.8922,1258.4878,11.1703
28.4806,3359.8850,1258.9564,11.1703
28.4902,3360.7473,1259.1766,11.1703
28.5013,3361.7654,1259.5027,11.1703
28.5102,3362.7211,1259.7846,11.1703
28.5209,3363.6577,1260.1143,11.1703
28.5306,3364.4684,1260.2891,11.1703
28.5407,3365.4358,1260.7006,11.1703
28.5508,3366.3569,1261.1288,11.1703
28.5600,3367.2911,1261.5460,11.1703
28.5702,3368.2543,1261.9755,11.1703
28.5807,3369.2445,1262.3325,11.1703
28.5905,3370.2430,1262.6202,11.1703
28.6007,3371.2140,1262.8854,11.1703
28.6105,3372.1572,1263.1922,11.1703
28.6206,3372.8774,1263.2223,11.1703
28.6300,3373.8459,1263.6556,11.1703
28.6404,3374.7727,1264.0653,11.1703
28.6504,3375.6001,1264.3746,11.1703
28.6601,3376.5952,1264.7939,11.1703
28.6707,3377.6655,1265.1760,11.1703
28.6803,3378.5970,1265.3593,11.1703
28.6910,3379.5756,1265.6575,11.1703
28.7003,3380.5985,1266.0237,11.1703
28.7111,3381.4709,1266.3297,11.1703
28.7204,3382.3713,1266.8105,11.1703
28.7303,3383.2797,1267.1570,11.1703
28.7403,3384.2393,1267.5904,11.1703
28.7516,3385.2406,1268.0017,11.1703
28.7610,3386.2977,1268.3727,11.1703
28.7709,3387.2870,1268.6494,11.1703
28.7809,3388.2828,1268.9382,11.1703
28.7909,3389.2400,1269.3250,11.1703
28.8013,3390.1888,1269.7457,11.1703
28.8108,3391.0928,1270.1468,11.1703
28.8210,3391.9576,1270.4826,11.1703
28.8315,3392.8318,1270.8715,11.1703
28.8418,3393.7651,1271.2170,11.1703
28.8512,3394.7183,1271.5281,11.1703
28.8609,3395.6768,1271.7832,11.1703
28.8708,3396.5768,1272.0378,11.1703
28.8807,3397.5648,1272.4123,11.1703
28.8903,3398.5123,1272.8156,11.1703
28.9011,3399.3910,1273.1940,11.1703
28.9104,3400.3086,1273.5729,11.1703
28.9206,3401.2253,1273.9475,11.1703
28.9319,3402.1969,1274.3316,11.1703
28.9422,3403.1437,1274.5922,11.1703
28.9514,3404.0576,1274.8308,20.3310
